Timestamp,yaw,pitch,roll,AccX,AccY,AccZ,GyroX,GyroY,GyroZ,Label
0.0,1.8617,3.9502,-27.8204,-1.034746,8.453693,4.610072,0.020808,-0.066241,-0.024282,0
0.1,2.6545,4.8609,-29.613,-1.00032,8.846744,4.077489,-0.016921,-0.061606,-0.025778,0
0.2,2.3277,6.2083,-28.6617,-0.718804,8.450851,4.431268,0.064049,0.01011,0.003787,0
0.3,1.1871,7.782,-25.7172,-0.443151,8.600761,4.653681,-0.011362,0.07028,-0.002932,0
0.4,-0.4613,9.3712,-21.5302,-0.367777,8.364949,5.004828,-0.016799,-0.195782,-0.334937,0
0.5,-2.3118,10.7654,-16.8515,-1.199881,8.617512,4.667918,0.09725,-0.374735,-0.477116,0
0.6,-3.2416,11.1816,-13.3196,-1.193181,8.4012,4.839962,0.041447,-0.47675,-0.457507,0
0.7,-3.9001,11.1164,-10.8347,-1.122114,8.531968,4.857071,0.062186,-0.648219,-0.484171,0
0.8,-4.5565,10.9082,-9.5777,-1.916651,8.782736,4.909235,0.142545,-0.557475,-0.27663,0
0.9,-6.2754,10.6006,-8.5787,-2.359622,8.101649,3.750152,0.158863,-0.227165,0.162795,0
1.0,-8.4177,10.6895,-8.01,-1.814717,8.620622,4.695675,-0.149509,0.048839,0.543364,0
1.1,-10.6677,10.806,-7.8418,-1.430789,8.230233,4.475655,0.085185,0.420153,0.728945,0
1.2,-12.508,10.8983,-8.6309,-0.183051,7.985567,5.111548,-0.07028,0.428735,0.581818,0
1.3,-14.0495,11.2293,-10.1106,-0.280319,8.322836,5.131767,-0.023885,0.058124,0.059162,0
1.4,-14.1216,11.3388,-12.4024,-0.619023,8.228797,4.357928,0.009255,-0.115118,-0.065149,0
1.5,-12.8771,11.5128,-15.9734,-1.931008,9.250174,4.167579,0.004306,0.134604,0.248317,0
1.6,-9.3255,10.1502,-19.765,-0.847658,8.372845,4.557131,-0.080726,0.458209,0.568929,0
1.7,-5.2402,8.8821,-23.2636,-0.479522,8.360881,4.841278,-0.05284,0.606833,0.5364,0
1.8,-1.7069,7.194,-25.2295,0.170609,8.176036,4.929932,-0.073945,0.550878,0.309159,0
1.9,0.7182,5.3962,-24.4403,0.085663,8.027441,4.285306,-0.042974,0.4127,0.018967,0
2.0,2.1908,3.4101,-21.8395,-0.207458,8.313264,5.201279,-0.048686,0.1029,-0.329531,0
2.1,2.5799,1.8921,-18.3855,0.47007,8.623852,4.743292,0.049816,-0.202105,-0.619112,0
2.2,2.0904,0.9748,-14.7668,0.09018,8.262118,4.902296,0.02894,-0.336739,-0.712154,0
2.3,0.896,0.5381,-12.016,-1.045903,8.509356,5.348078,0.050366,-0.485973,-0.767093,0
2.4,-0.0476,0.7621,-10.2198,-1.116013,8.714541,5.016194,0.059162,-0.542326,-0.611934,0
2.5,-1.0838,1.7542,-9.5511,-1.614677,8.347482,5.261578,0.050213,-0.392206,-0.313587,0
2.6,-2.3069,2.9564,-9.8702,-1.562752,8.249615,5.054718,0.058857,-0.335701,-0.156901,0
2.7,-3.5401,3.9698,-10.9674,-1.092204,8.405747,4.753462,0.138544,-0.271224,-0.077091,0
2.8,-4.33,4.0255,-12.1017,-1.731207,8.286584,4.885545,0.062553,-0.196851,0.056994,0
2.9,-4.6535,4.0764,-13.2001,-1.42361,8.156056,4.490251,0.009957,-0.004856,0.269452,0
3.0,-4.6321,4.2883,-14.6255,-1.007618,8.21791,5.381937,0.023885,0.013928,0.20238,0
3.1,-4.0124,4.7351,-16.5269,-0.569133,8.232386,5.589873,-0.002688,-0.090347,0.074312,0
3.2,-2.5096,5.3206,-17.9671,-1.258146,8.464012,5.074459,-0.017593,-0.044563,0.098471,0
3.3,-0.6719,5.3927,-19.4272,-1.542623,10.086495,9.715757,0.310014,0.121028,0.228998,0
3.4,1.0983,4.617,-20.7523,-2.137987,7.528179,2.915654,0.276691,0.335426,0.464929,0
3.5,2.3622,2.404,-22.3195,0.055753,7.637411,4.867001,-0.025168,0.118111,0.277638,0
3.6,3.5329,-0.0402,-23.7287,-0.35007,7.867242,1.904328,0.031857,0.103267,0.099693,0
3.7,4.2023,-2.0806,-24.9291,-0.682194,8.82808,4.11063,-0.390129,0.018479,0.070249,0
3.8,4.6232,-4.2304,-25.6244,-0.962992,6.186284,6.525945,-0.403568,0.196546,0.194377,0
3.9,3.9899,-4.9541,-25.7189,-0.142133,8.042037,3.833302,-0.492265,0.232495,0.260564,0
4.0,3.0599,-4.5863,-25.1129,0.427358,9.36144,8.300462,-0.302439,0.256075,0.123028,0
4.1,2.0867,-3.4464,-23.6117,-0.084347,6.972924,5.68427,0.051862,0.083322,-0.204762,0
4.2,1.0249,-1.6728,-21.1743,0.29336,7.986046,5.684748,0.189887,0.006414,-0.350239,0
4.3,0.1607,0.5036,-18.9122,-0.452124,8.145049,4.458307,0.411203,-0.146516,-0.506621,0
4.4,-0.6659,1.3855,-17.2603,-1.857668,10.037054,4.426004,0.211054,-0.421649,-0.610895,0
4.5,-0.9683,0.9746,-16.5274,-1.080808,8.16476,5.578866,0.048984,-0.360563,-0.289588,0
4.6,-0.7133,0.4502,-16.6605,-1.391426,8.615478,4.605825,0.073334,-0.15742,-0.046976,0
4.7,0.0811,0.6218,-17.5947,-1.35374,8.606624,4.601518,0.051221,-0.102137,0.039798,0
4.8,1.1869,0.5544,-19.2647,-1.26676,8.422855,4.899902,0.012064,-0.002993,0.134085,0
4.9,2.132,0.4659,-20.9019,-1.225843,8.188119,5.171009,0.028649,-0.027459,0.102595,0
5.0,2.9909,-0.4336,-22.0832,-0.876491,8.562836,4.7141,0.052565,-0.122204,0.016982,0
5.1,3.4167,-1.3886,-22.547,-1.539542,8.655079,4.672345,0.037294,-0.086774,0.101984,0
5.2,3.5853,-2.2459,-22.3409,-1.337707,8.524191,4.602116,0.069822,0.167774,0.350881,0
5.3,3.1636,-2.9589,-21.9593,-1.206222,8.560323,4.351707,-0.029199,0.244193,0.356745,0
5.4,1.5774,-4.0204,-21.6068,-0.696431,8.565348,4.886263,-0.011362,0.147677,0.206472,0
5.5,-0.1125,-5.5589,-21.0498,-0.351266,8.549675,4.539543,0.049663,0.093523,0.104183,0
5.6,-1.777,-7.1575,-20.2385,-0.394816,8.515458,4.92084,-0.023641,0.170828,0.136772,0
5.7,-2.8,-7.8837,-19.2956,-0.933799,8.301749,4.948806,-0.007788,0.292413,0.210481,0
5.8,-3.004,-7.4881,-18.7548,-0.398166,8.393064,3.760799,-0.015852,0.250485,0.117072,0
5.9,-2.8056,-7.4913,-18.774,-0.226002,8.421061,5.933602,-0.087445,0.135704,-0.065882,0
6.0,-2.2021,-7.5841,-19.0145,-0.735673,8.343055,4.700341,-0.017196,-0.039981,-0.2204,0
6.1,-1.343,-7.2323,-19.0928,-0.881755,8.602676,4.920959,-0.014508,-0.008063,-0.110902,0
6.2,0.0408,-7.3897,-18.8404,-0.537787,8.353703,4.588357,-0.022663,0.062064,-0.038301,0
6.3,0.7132,-7.7413,-18.7849,-0.453201,8.375238,4.510231,-0.011851,0.089095,-0.053145,0
6.4,1.0113,-7.874,-18.9422,-0.964068,8.187761,5.338866,-0.0416,0.018265,-0.135887,0
6.5,1.1763,-8.3083,-19.1666,-0.799801,8.415079,5.153303,-0.028161,-0.157084,-0.265482,0
6.6,1.4161,-8.3728,-18.9643,-1.358046,8.318767,5.463413,-0.008033,-0.137261,-0.130236,0
6.7,1.5578,-8.305,-18.6263,-1.319881,8.562955,4.321199,0.043463,-0.030177,0.023396,0
6.8,2.0904,-7.5811,-18.0345,-0.781975,8.206066,5.16431,0.057574,0.042486,0.070463,0
6.9,2.0176,-7.5159,-17.9876,-0.68031,8.462217,5.005486,0.027184,-0.030467,-0.033903,0
7.0,1.7243,-6.9589,-18.1843,-1.11362,8.427043,4.676413,0.052137,-0.11637,-0.103328,0
7.1,1.5138,-7.032,-18.4252,-1.270589,8.211689,5.396892,0.028833,-0.069089,0.013744,0
7.2,1.4237,-7.3707,-18.6238,-1.188754,8.275936,4.849892,0.0135,-0.04667,0.090774,0
7.3,1.5201,-7.3396,-18.8744,-0.777069,8.40802,5.103412,0.015577,0.061545,0.161971,0
7.4,1.8079,-7.2471,-19.3078,-0.814756,8.222695,5.198288,0.008674,0.146088,0.197401,0
7.5,1.1542,-7.3523,-20.0489,-0.645225,8.380742,4.948955,0.019884,0.143034,0.131977,0
7.6,0.5613,-7.3107,-20.6563,-0.854118,8.331449,4.935316,-0.005987,0.091935,0.038515,0
7.7,0.6537,-7.1822,-21.0746,-0.588036,8.489735,4.931129,-0.004215,0.064935,0.009285,0
7.8,2.9982,-6.827,-20.7538,-0.396251,8.258349,4.469194,-0.011026,0.100029,-0.015883,0
7.9,6.2479,-7.0848,-20.3252,-0.879063,8.274231,5.416004,-0.003741,0.055512,-0.086895,0
8.0,10.2325,-7.1957,-19.4428,-1.04351,8.312307,5.375835,0.024679,-0.046456,-0.1518,0
8.1,14.6547,-7.678,-18.2366,-0.929851,8.425248,4.661458,0.020342,-0.075228,-0.117469,0
8.2,18.7391,-7.867,-16.1603,-1.272743,8.312307,5.021697,0.021686,-0.053176,-0.059987,0
8.3,21.9489,-8.4401,-14.0943,-1.162314,8.561639,5.187161,-0.025839,-0.028222,0.034514,0
8.4,24.0459,-8.8254,-12.4378,-0.601197,8.268399,4.522554,0.00785,0.020922,0.048777,0
8.5,24.0536,-9.3703,-11.915,-0.405823,8.447621,4.825845,0.028008,0.019028,-0.018906,0
8.6,23.7987,-8.9464,-12.106,-0.703251,8.402038,5.088337,0.006872,0.007941,-0.086071,0
8.7,23.7784,-8.233,-12.6041,-0.768216,8.505408,5.570611,0.032529,-0.139827,-0.222538,0
8.8,24.6736,-7.2204,-13.2041,-1.380659,8.130213,4.02401,0.136712,-0.14224,-0.166888,0
8.9,25.3298,-6.0783,-13.9296,-1.384487,8.277372,5.372725,-0.081,-0.01234,0.077183,0
9.0,25.6162,-4.7758,-14.2405,-0.594377,8.300582,5.050052,-0.061972,0.035858,0.060598,0
9.1,25.6382,-3.9151,-14.0807,-0.744916,8.527572,4.96391,0.039859,-0.068952,-0.111941,0
9.2,25.3953,-3.5875,-13.2665,-0.816072,8.516534,4.938786,0.010782,-0.117592,-0.137139,0
9.3,24.899,-3.8468,-12.7624,-0.940978,8.358967,4.956971,-0.007025,-0.050213,-0.077427,0
9.4,24.7003,-4.1794,-12.4061,-1.074377,8.335159,4.685625,0.062644,-0.142881,-0.172783,0
9.5,24.4657,-4.8769,-12.6068,-1.221177,8.454082,5.208098,0.103725,-0.263741,-0.214383,0
9.6,24.8454,-5.2529,-13.0016,-1.808256,8.540104,4.277051,0.043707,-0.17825,-0.011912,0
9.7,25.2997,-5.7287,-13.4551,-1.564427,8.270791,5.355974,-0.003085,0.027245,0.249294,0
9.8,25.7061,-5.6844,-14.0426,-0.77013,8.366744,4.932086,0.011912,0.160474,0.309342,0
9.9,26.0967,-5.5295,-14.5842,-0.205543,8.266604,5.207739,-0.008644,-0.080115,-0.024252,0
10.0,26.1825,-5.5019,-15.5029,-1.155973,8.628399,4.025565,0.017471,-0.158336,-0.081612,0
10.1,26.5629,-5.7613,-16.5604,-1.747718,8.380502,5.176752,-0.049511,0.043463,0.208519,0
10.2,27.0826,-5.4568,-17.9839,-1.017189,8.428478,4.914738,0.026725,0.171989,0.298224,0
10.3,27.5382,-4.9995,-19.1572,-0.502343,8.231459,5.201099,-0.036003,0.154854,0.258778,0
10.4,27.9068,-4.4924,-20.0304,-0.765942,8.268757,4.660979,-0.001863,0.354332,0.350881,0
10.5,28.1659,-4.0249,-20.5673,-0.447338,8.133443,5.400242,-0.019609,0.387227,0.268475,0
10.6,28.2936,-3.6733,-20.7457,-0.083869,8.335517,4.554857,0.011331,0.211939,-0.019578,0
10.7,28.2967,-3.57,-20.5625,-0.257109,8.475976,5.092644,-0.003115,0.05568,-0.205159,0
10.8,28.1182,-3.6776,-20.0173,-0.46672,8.627202,4.852883,-0.000764,-0.110567,-0.334235,0
10.9,28.0169,-4.2311,-19.3947,-0.641995,8.619545,4.920601,0.004307,-0.127823,-0.279684,0
11.0,27.8996,-4.7899,-19.1608,-0.527498,8.299864,4.691847,0.034972,-0.037965,-0.206961,0
11.1,27.9412,-5.2432,-19.0819,-0.980698,8.2812,4.559763,-0.00058,-0.146944,-0.298041,0
11.2,27.8606,-5.2154,-19.2695,-0.983689,8.69468,5.257629,-0.020953,-0.258335,-0.314901,0
11.3,27.6785,-5.1027,-19.2371,-1.333042,8.306325,5.001358,0.01799,-0.143584,-0.145477,0
11.4,27.4415,-4.8566,-19.1952,-1.08335,8.330313,4.909773,-0.01741,-0.171958,-0.141224,0
11.5,27.1695,-4.5257,-19.1473,-0.938824,8.185846,4.047579,0.180633,-0.245415,-0.23558,0
11.6,26.8903,-4.1773,-19.0982,-1.405783,8.8014,5.41065,0.006842,-0.239703,-0.16869,0
11.7,26.6398,-3.8985,-19.054,-1.474816,8.518688,4.901099,0.088576,-0.213314,-0.091691,0
11.8,26.3892,-3.6196,-19.0098,-1.331247,8.229994,5.031149,0.029993,-0.225562,-0.045051,0
11.9,26.1387,-3.3408,-18.9657,-1.286142,8.553742,5.290292,0.032956,-0.188299,0.006903,0
12.0,25.8881,-3.0619,-18.9215,-1.244627,8.270791,4.625685,0.006628,-0.128831,0.090286,0
12.1,25.6376,-2.7831,-18.8773,-1.198684,8.511749,4.659304,0.041783,-0.111514,0.101709,0
12.2,25.3871,-2.5043,-18.8331,-1.288296,8.386245,4.665286,0.01011,0.022205,0.22828,0
12.3,25.1365,-2.2254,-18.7889,-1.057508,8.247581,4.719005,0.03934,0.320276,0.454086,0
12.4,24.886,-1.9466,-18.7447,-0.466481,8.012845,5.310391,-0.055375,0.166613,0.193614,0
12.5,24.6354,-1.6677,-18.7005,-0.333559,8.982656,4.440002,-0.02361,-0.186253,-0.187261,0
12.6,24.3849,-1.3889,-18.6563,-1.128814,8.29801,4.519144,-0.105451,-0.026916,0.024434,0
12.7,24.1344,-1.1101,-18.6121,-0.929253,8.524909,4.780381,-0.022663,0.21762,0.22376,0
12.8,23.8838,-0.8312,-18.5679,-0.271944,8.284789,5.042036,-0.036469,0.092119,0.029994,0
12.9,23.6333,-0.5524,-18.5237,-0.529891,8.4414,4.459982,0.024099,-0.166216,-0.218628,0
13.0,23.3827,-0.2735,-18.4795,-1.640041,8.571091,4.570052,-0.026909,0.082772,0.104916,0
13.1,23.1322,0.0053,-18.4353,-0.878286,8.442835,5.105805,-0.05623,0.293276,0.292451,0
13.2,22.8816,0.2842,-18.3911,-0.093679,8.43793,4.591827,0.041631,0.111574,0.011912,0
13.3,22.6311,0.563,-18.3469,-0.681596,8.525388,4.57747,0.023121,-0.010843,-0.132955,0
13.4,22.3806,0.8418,-18.3027,-0.78329,8.439725,4.782415,-0.002443,-0.00113,-0.108337,0
13.5,22.13,1.1207,-18.2586,-0.272423,8.31805,4.682634,-0.020128,-0.121562,-0.218751,0
13.6,21.8795,1.3995,-18.2144,-0.954377,8.799007,4.855396,0.098074,-0.245201,-0.322903,0
13.7,21.6289,1.6784,-18.1702,-1.328136,8.628279,4.856233,0.023304,-0.12932,-0.092515,0
13.8,21.3784,1.9572,-18.126,-0.740429,8.366504,4.650899,-0.043982,-0.07151,-0.008781,0
13.9,21.1805,2.4071,-18.024,-0.913939,8.347242,4.822495,0.024251,-0.118202,-0.085979,0
14.0,20.9319,2.768,-17.8418,-1.227518,8.165866,4.954339,-0.152655,-0.136162,-0.010965,0
14.1,20.6386,2.7829,-17.9669,-1.254796,8.518089,4.848576,0.000367,0.009346,0.111513,0
14.2,20.0054,2.794,-18.0943,-0.966461,8.290173,4.731209,0.034239,-0.014936,0.078313,0
14.3,19.614,2.4541,-18.4534,-1.325026,8.546803,4.971926,0.005253,-0.01912,0.100182,0
14.4,19.4468,1.8431,-18.9436,-0.675973,8.610453,4.478407,-0.017012,0.090713,0.206594,0
14.5,19.48,1.0528,-19.4705,-0.697747,8.497272,4.396572,-0.054184,0.23503,0.261786,0
14.6,19.6833,0.1868,-19.9459,-0.56339,8.258468,5.02397,-0.004306,0.149876,0.084757,0
14.7,20.0208,-0.6394,-20.2882,-0.78664,8.492845,4.590391,0.019578,-0.071349,-0.130145,0
14.8,20.4499,-1.2987,-20.422,-1.629393,8.66142,4.701896,-0.02978,0.031337,0.057513,0
14.9,20.922,-1.6522,-20.2782,-1.024846,8.45121,4.452325,0.005864,0.108337,0.173608,0
15.0,21.2493,-1.9814,-19.9401,-1.102942,8.225328,5.476722,-0.044975,0.24698,0.29375,0
15.1,21.3706,-2.3158,-19.6952,-0.440997,8.265049,5.290292,-0.037629,0.365297,0.336739,0
15.2,21.151,-2.3787,-19.2459,-0.222413,7.999206,4.890212,-0.035339,0.372475,0.190712,0
15.3,21.1661,-2.6059,-18.9299,0.152782,8.436614,5.031627,0.058276,0.117744,-0.158764,0
15.4,21.1811,-2.8331,-18.6138,0.312862,8.137391,5.344609,-0.022327,-0.157206,-0.45036,0
15.5,21.8183,-3.3612,-18.5654,-0.826481,8.506245,5.645147,0.024465,-0.46328,-0.681084,0
15.6,22.3,-3.6494,-18.0632,-1.771885,8.672068,3.965027,0.085613,-0.409646,-0.416091,0
15.7,21.3891,-3.3875,-17.4291,-1.293081,8.778788,4.802874,-0.000855,0.082803,0.170706,0
15.8,19.3879,-2.8447,-16.7265,-0.371127,8.22784,4.464528,0.0354,0.226173,0.145844,0
15.9,16.7871,-2.2629,-16.0138,-0.654676,8.231908,5.152585,0.030604,-0.123547,-0.290313,0
16.0,13.8937,-1.5523,-15.3688,-1.111945,8.508399,4.863891,0.041936,-0.415755,-0.481972,0
16.1,11.0289,-1.0677,-14.7796,-1.402642,8.603394,5.082206,0.058414,-0.304134,-0.280196,0
16.2,8.5144,-0.7572,-14.2935,-1.273699,8.415916,4.888896,0.050946,-0.255494,-0.181946,0
16.3,6.6852,-0.8009,-14.0704,-1.057149,8.389715,4.531288,0.024129,-0.276233,-0.171134,0
16.4,6.3833,-1.1887,-14.3963,-1.267239,8.478488,5.39749,0.056475,-0.197676,-0.097311,0
16.5,7.6473,-1.7316,-15.246,-1.23685,8.38146,4.857789,0.072693,-0.188085,-0.089492,0
16.6,8.9458,-2.1273,-15.8527,-1.395614,8.334441,4.89404,0.073792,-0.202593,-0.094012,0
16.7,9.245,-2.127,-16.5166,-1.586202,8.507681,4.597569,0.039004,-0.182068,-0.031459,0
16.8,9.3281,-1.7703,-17.3181,-1.767698,8.548957,4.238167,0.036133,-0.009743,0.153846,0
16.9,9.5654,-1.3727,-18.2391,-0.777188,8.394261,5.241837,-0.049633,0.122295,0.244102,0
17.0,9.7191,-0.9187,-19.4102,-0.286181,8.237771,5.166104,-0.024557,-0.163559,-0.155435,1
17.1,9.7805,-1.1277,-20.3143,-1.591586,8.615837,4.680959,0.016921,-0.270979,-0.25189,1
17.2,10.1027,-1.2572,-20.9316,-2.19039,8.276893,4.03083,0.073884,-0.043646,0.063805,1
17.3,10.6401,-1.5578,-21.4724,-1.16028,8.427043,4.654279,-0.047312,0.195171,0.299599,1
17.4,11.4808,-1.6885,-21.7987,-1.119991,8.355288,5.181358,-0.075022,0.145615,0.159359,1
17.5,11.8305,-1.3341,-21.7353,-0.794776,8.20463,4.811488,-0.015394,-0.019884,-0.066401,1
17.6,11.7678,-1.5619,-20.6984,-0.64666,8.506724,4.771168,-0.001924,-0.10626,-0.184542,1
17.7,11.2143,-1.3863,-18.9323,-0.741894,8.439485,4.516214,0.035613,-0.005254,-0.130053,1
17.8,10.7507,-0.5179,-17.0664,-0.830788,8.410891,4.739225,-0.013042,-0.126541,-0.2817,1
17.9,10.5534,-0.4244,-15.5474,-0.310828,8.465209,4.931727,0.062705,-0.423573,-0.604237,1
18.0,10.8054,-1.121,-14.1162,-0.981775,8.765508,4.889374,0.047251,-0.598128,-0.71291,1
18.1,10.7041,-2.2362,-13.1547,-1.517767,8.305846,5.066204,0.119516,-0.628183,-0.654083,1
18.2,10.6667,-2.7036,-12.8355,-1.463211,8.839206,4.582375,0.226203,-0.621616,-0.561904,1
18.3,10.4981,-1.6433,-13.1434,-1.671626,8.524311,4.674259,0.200333,-0.336495,-0.230388,1
18.4,9.9721,0.3669,-13.5458,-2.145165,7.915816,4.932684,0.16475,-0.302897,-0.195507,1
18.5,9.2905,2.67,-14.0581,-1.719094,8.520991,5.693123,0.08911,-0.605482,-0.383203,1
18.6,9.1776,3.6949,-14.0601,-1.818545,9.581101,8.390193,0.835358,-0.445442,-0.213681,1
18.7,9.2776,4.2554,-14.9214,-3.374239,7.932686,0.965025,0.458912,0.112643,0.294895,1
18.8,10.5732,4.6028,-16.1344,0.60993,6.966105,3.45033,-0.100701,-0.186833,-0.112857,1
18.9,12.3487,4.0541,-17.0737,-2.291128,7.583692,2.694199,-0.142851,-0.76074,-0.54538,1
19.0,14.4306,3.0385,-17.3715,-2.290051,10.626525,0.991107,-0.337381,-0.521526,-0.075503,1
19.1,15.8112,2.4455,-17.3399,-3.547001,8.127701,11.746965,-0.325255,0.059712,0.390159,1
19.2,16.4349,1.8959,-17.8224,1.034776,6.1742,5.345805,-0.293459,0.250791,0.485424,1
19.3,16.8243,1.7447,-18.3391,-1.082872,7.937711,5.020381,0.018265,-0.180755,-0.281395,1
19.4,17.2414,1.7573,-18.0428,-1.719243,7.660263,5.028995,0.270216,-0.538935,-0.549137,1
19.5,16.8642,1.4383,-17.4298,-2.093361,11.164911,-1.884467,0.998489,-0.267528,-0.232434,1
19.6,16.6844,0.632,-16.4279,-0.69344,6.939664,9.250772,-0.461173,-0.077274,-0.133871,1
19.7,16.1171,-0.0049,-16.0961,-0.85005,7.982217,5.058906,-0.269147,-0.405187,-0.379164,1
19.8,16.0875,0.1973,-15.5754,-1.487438,8.643922,4.987839,-0.029054,-0.497969,-0.503162,1
19.9,15.7793,1.3241,-14.546,-2.058306,8.470234,5.293761,0.033536,-0.498435,-0.408852,1
20.0,15.328,2.1128,-13.7984,-1.274178,8.334082,5.247699,0.139796,-0.488264,-0.364869,1
20.1,15.0362,3.3965,-13.0118,-1.483789,8.165746,4.908038,0.159344,-0.503505,-0.356226,1
20.2,14.7133,3.377,-12.9718,-1.71673,8.35801,5.21755,0.134787,-0.474275,-0.278554,1
20.3,14.6398,2.8137,-12.9413,-2.057827,8.232746,4.055954,0.190529,-0.340007,-0.13271,1
20.4,14.9134,2.3709,-12.3545,-1.325743,8.811809,5.552306,0.0832,-0.193736,0.004093,1
20.5,14.1583,1.7431,-11.7964,-1.365584,8.042397,5.058068,0.1164,-0.249783,-0.145661,1
20.6,13.552,1.4341,-11.0052,-0.74692,8.542856,5.061418,0.147982,-0.389457,-0.331547,1
20.7,12.5844,0.6312,-10.4498,-0.989432,8.131888,4.606303,0.043799,-0.512852,-0.45595,1
20.8,11.1251,0.3525,-10.3917,-1.921197,8.629715,4.802754,0.133352,-0.5302,-0.444862,1
20.9,9.8416,0.3451,-10.7986,-2.303241,8.274231,5.136493,0.113048,-0.543097,-0.337961,1
21.0,8.9841,-0.6297,-12.1123,-1.875853,8.112147,5.656633,0.139094,-0.48579,-0.21872,1
21.1,8.8079,-0.8293,-13.7698,-2.189911,8.151031,4.375994,0.183168,-0.45656,-0.133535,1
21.2,9.1044,-1.2935,-15.4631,-2.146601,8.444271,5.226762,0.18271,-0.368749,0.018754,1
21.3,9.0058,-1.1704,-17.344,-1.723072,8.330851,5.126623,0.19001,-0.282464,0.116003,1
21.4,8.9466,-1.3413,-19.1467,-1.821417,8.388159,4.518367,0.107726,-0.20861,0.198928,1
21.5,8.4087,-1.8674,-20.5542,-1.594098,8.356933,4.987001,0.003665,-0.07706,0.330417,1
21.6,7.7063,-2.4032,-21.0709,-1.370968,8.392227,4.179543,0.131977,0.027489,0.317925,1
21.7,6.5435,-3.4269,-20.7744,-0.7401,8.268758,5.092525,0.04383,-0.02642,0.219819,1
21.8,4.9489,-4.0072,-20.022,-0.887498,8.725188,5.309314,0.00562,0.155159,0.312488,1
21.9,3.7151,-4.5631,-18.7047,-0.805424,8.028518,4.436532,-0.005925,0.297644,0.321254,1
22.0,2.8039,-5.1604,-17.4236,-0.634218,8.41783,5.403592,0.065332,0.089003,0.006353,0
22.1,2.162,-5.277,-16.4078,-1.094717,8.366385,4.659543,0.020067,-0.08937,-0.124311,0
22.2,1.6941,-5.0935,-16.3877,-0.969093,8.867801,4.043122,0.045395,-0.045166,-0.052992,0
22.3,1.3143,-4.7544,-17.4687,-0.544487,8.656873,5.007939,0.01912,-0.075075,-0.088453,0
22.4,1.3313,-4.8662,-19.6889,-0.857827,8.800682,4.091966,0.012553,-0.19004,-0.172081,0
22.5,1.6281,-5.1851,-21.9262,-1.378984,8.643713,4.425286,0.077366,-0.104366,-0.027397,0
22.6,2.0224,-5.6111,-23.9569,-2.067758,8.651849,4.16722,0.05174,0.211329,0.331516,0
22.7,2.0017,-6.5236,-25.4128,-1.406621,8.393543,4.858866,-0.047403,0.415144,0.516211,0
22.8,2.2072,-7.3468,-25.7431,-0.52678,8.693244,4.548397,-0.034728,0.301034,0.243827,0
22.9,1.8223,-7.6919,-24.8091,-0.134118,8.252965,3.932843,0.048808,0.059559,-0.077885,0
23.0,1.0973,-7.5643,-23.354,-0.59342,8.511868,5.29089,-0.017715,-0.008949,-0.14728,0
23.1,0.1406,-7.1491,-22.0627,-1.101177,8.959924,4.909833,-0.002138,-0.050305,-0.154579,0
23.2,-0.6366,-6.0955,-21.383,-0.662692,9.403434,5.736673,0.070219,-0.206808,-0.23219,0
23.3,-1.0175,-5.4179,-20.9972,-0.741775,8.513424,4.615515,0.124189,-0.264901,-0.254853,0
23.4,-1.1821,-4.8711,-21.1877,-1.255036,8.457133,3.391228,0.387326,-0.117133,-0.017562,0
23.5,-0.7281,-4.3651,-21.8823,-1.661576,8.812287,3.97412,0.061697,0.150181,0.310686,0
23.6,-0.0553,-4.7872,-22.9147,-1.252523,8.593583,3.468636,-0.021411,0.284388,0.425865,0
23.7,0.7351,-5.6323,-24.2025,-0.497707,8.044431,4.942974,-0.236466,0.174524,0.251401,0
23.8,1.8598,-5.8468,-25.1872,-0.891805,7.784689,3.879603,-0.292268,0.195141,0.242238,0
23.9,2.8509,-4.9902,-26.1947,-0.594497,7.829435,4.269753,-0.329409,0.272598,0.278646,0
24.0,3.6436,-4.386,-26.5967,-0.374955,8.009615,4.512265,-0.316275,0.285946,0.206503,0
24.1,4.4439,-2.9169,-26.1368,-0.474018,9.305328,6.055038,-0.190376,0.246087,0.070952,0
24.2,4.589,-1.8755,-25.1163,-0.521994,8.613563,5.681638,0.158733,0.294437,0.050182,0
24.3,4.2992,-1.8695,-23.4601,0.041037,8.185248,5.974998,0.154518,0.249508,-0.073181,0
24.4,3.5633,-2.0688,-21.7162,-0.291446,8.249017,2.781417,0.324675,0.029871,-0.389793,0
24.5,2.7361,-2.7884,-20.2364,-0.724547,10.187562,4.139344,0.239887,-0.344436,-0.635299,0
24.6,1.6574,-4.1613,-19.2196,-1.047219,8.41783,3.971248,0.040134,-0.318352,-0.428491,0
24.7,1.0134,-5.1494,-18.3511,-1.550908,8.329296,5.529813,0.053084,-0.115331,-0.136192,0
24.8,0.4844,-5.956,-17.9192,-1.289731,8.346764,3.94711,-0.04108,-0.15306,-0.080787,0
24.9,0.4216,-6.2914,-18.1076,-1.043989,8.791828,5.2142,-0.001985,-0.202593,-0.128893,0
25.0,0.6394,-6.4453,-17.8826,-0.518644,8.23789,4.774279,0.087476,-0.219728,-0.162521,0
25.1,0.9629,-6.0864,-17.6355,-1.482234,8.531849,4.870949,0.023579,-0.222141,-0.123914,0
25.2,1.0329,-6.1411,-17.7327,-1.913182,8.475617,4.418227,0.068722,-0.16695,0.02755,0
25.3,1.4888,-6.839,-18.0876,-1.395973,8.84148,4.734558,0.092729,0.061697,0.27266,0
25.4,2.1181,-6.8434,-18.9087,-1.161356,8.133444,4.388317,0.074556,0.160077,0.290802,0
25.5,2.8051,-6.138,-20.0073,-0.680399,8.266843,3.419822,-0.097433,-0.009957,0.090988,0
25.6,3.3405,-5.669,-21.2796,-0.914537,8.957531,5.474419,-0.010446,-0.003024,-0.008827,0
25.7,4.0904,-5.2195,-21.9137,-1.471347,8.539984,4.407101,-0.06747,0.044593,0.089736,0
25.8,4.2884,-5.3418,-22.8605,-1.476252,8.07135,4.727021,-0.090408,0.15348,0.215483,0
25.9,4.0724,-5.3822,-23.6383,-0.638285,8.470143,4.048806,0.001565,0.088232,0.109956,0
26.0,3.9026,-4.8309,-23.857,-0.428196,8.561639,5.043352,-0.082436,-0.033567,-0.044838,0
26.1,3.5554,-4.1728,-23.7511,-0.980459,8.640243,5.165266,0.00504,-0.048839,-0.073395,0
26.2,2.7627,-4.0872,-23.2524,-1.065763,8.410053,3.997689,-0.040073,-0.007361,0.000244,0
26.3,2.6362,-4.351,-22.8436,-1.213879,8.527063,4.989514,0.069853,0.031184,0.040989,0
26.4,2.5406,-4.4356,-22.5605,-0.796331,8.977751,5.277729,0.049083,-0.039279,-0.000427,0
26.5,2.7747,-4.2281,-22.2468,-0.703011,8.075657,3.502734,0.019334,-0.035308,0.023121,0
26.6,2.8763,-4.9145,-22.2839,-0.74345,8.639765,5.771369,-0.016768,0.026267,0.083719,0
26.7,3.366,-5.8802,-22.5607,-1.238046,8.256674,4.769733,0.065088,0.162032,0.170248,0
26.8,3.7883,-6.5946,-23.1725,-0.846341,8.559486,3.955815,0.039554,0.126602,0.162979,0
26.9,4.0039,-7.6461,-23.7504,-0.522592,7.975158,5.122435,-0.314382,0.114995,0.104091,0
27.0,4.7846,-7.7694,-23.9981,-0.21685,8.787791,4.428965,-0.063378,0.106252,0.032109,0
27.1,5.0718,-7.0602,-24.0638,-0.363589,8.882277,5.236812,0.076847,0.065179,-0.098349,0
27.2,5.1368,-6.5485,-23.8258,-0.511346,8.503135,2.955973,-0.029718,0.050732,-0.105557,0
27.3,5.4914,-6.0673,-23.3631,-1.175354,8.494161,5.453123,0.009316,0.082436,-0.078679,0
27.4,5.431,-5.7173,-23.0559,-0.947797,8.171849,4.705366,-0.023579,0.009499,-0.109039,0
27.5,5.1909,-5.3778,-22.9967,-0.878525,8.599326,4.375635,0.015516,-0.122417,-0.238665,0
27.6,4.6913,-5.114,-23.3521,-1.139701,8.704012,4.981857,0.032315,-0.209282,-0.239795,0
27.7,4.3935,-5.0914,-23.5372,-1.171526,8.199007,4.856832,0.047586,-0.18161,-0.136253,0
27.8,4.076,-5.3336,-23.6869,-1.51346,8.654241,3.975675,0.075136,-0.127213,0.001619,0
27.9,3.623,-5.4719,-23.8811,-1.107757,8.813604,4.445865,-0.032193,0.070097,0.226112,0
28.0,3.5132,-4.6748,-23.7582,-1.364507,8.026724,5.066922,-0.026817,0.133016,0.216063,0
28.1,3.3716,-3.551,-23.4352,-0.522832,8.3348,5.029713,-0.040592,-0.063316,0.027611,0
28.2,3.7762,-2.6378,-23.2453,-0.882802,8.462666,4.546363,0.058834,0.074602,0.122058,0
28.3,4.1555,-1.9345,-23.1526,-0.336192,8.258707,5.259185,0.041814,0.157786,0.117866,0
28.4,4.8671,-0.9417,-23.2709,-0.536112,8.47143,4.458427,-0.017929,-0.044227,-0.129839,0
28.5,5.1916,-0.3989,-23.445,-1.3401,8.650892,4.528537,0.045662,-0.009744,-0.043463,0
28.6,5.5838,-0.1121,-23.3765,-0.510509,8.733564,4.731807,-0.009804,0.148807,0.101709,0
28.7,6.065,0.0256,-23.051,-0.49687,8.372845,4.675695,-0.035461,0.091874,-0.053573,0
28.8,6.3741,-0.2626,-22.9025,-0.599641,8.368778,5.535556,0.019395,-0.108551,-0.258915,0
28.9,6.4172,0.2122,-22.8716,-1.037408,8.299266,4.41751,0.006017,-0.202044,-0.274309,0
29.0,6.2509,0.5089,-22.7706,-1.516571,8.783812,4.174279,-0.005406,-0.172417,-0.166399,0
29.1,5.9288,0.6148,-22.7487,-1.472663,8.442357,4.322395,0.034514,-0.116034,-0.020158,0
29.2,5.6675,0.0949,-22.9494,-0.849691,8.424769,5.252485,-0.033292,-0.027886,0.085124,0
29.3,4.9728,-0.5424,-22.9468,-1.289133,8.444869,4.61408,0.037446,-0.027367,0.05119,0
29.4,4.205,-1.6652,-22.3993,-1.225723,8.640931,4.294368,-0.006796,-0.050931,0.063377,0
29.5,3.4278,-2.9924,-21.5719,-0.80359,8.25125,5.074778,0.015246,-0.003538,0.091375,0
29.6,2.9279,-4.4328,-20.3867,-0.774527,8.561669,5.512764,-0.013363,0.08995,0.14321,0
29.7,2.8211,-5.2653,-19.4076,-0.720359,8.344251,4.13396,0.00507,0.072174,0.062247,0
29.8,3.2539,-5.0943,-18.8883,-0.584686,8.535916,5.031388,-0.009255,0.003971,-0.041936,0
29.9,4.3724,-3.5241,-19.0829,-0.409053,8.603992,4.378267,0.066829,0.007147,-0.07761,0
30.0,6.3231,-0.1591,-20.2449,-0.772762,8.599207,3.920161,-0.000366,-0.061911,-0.15632,0
30.1,4.8576,-3.099,-21.3311,-1.105604,8.715019,4.731089,-0.042302,-0.080481,-0.135704,0
30.2,6.841,0.8859,-20.7367,-1.40351,8.45456,4.816991,-0.017562,-0.015608,-0.013072,0
30.3,7.8178,3.1387,-20.818,-1.212324,8.546684,4.439883,0.017929,-0.073212,-0.043524,0
30.4,8.0036,4.0377,-21.3648,-1.247498,8.608777,4.221777,0.030146,-0.219117,-0.104702,0
30.5,7.6139,3.9612,-22.1667,-1.074138,8.556973,5.004947,0.106107,-0.17037,0.012187,0
30.6,6.8643,3.2874,-23.0134,-0.981656,8.470742,3.979264,0.00504,-0.085063,0.151189,0
30.7,6.0604,2.5094,-23.4178,-0.725743,8.450373,4.099025,0.029902,0.049022,0.231426,0
30.8,5.5227,2.3884,-23.3926,-0.423171,8.265647,5.516533,0.01515,0.123028,0.189704,0
30.9,5.2066,2.1171,-23.0132,-0.527617,8.391988,5.433023,-0.011912,0.067134,0.107238,0
31.0,5.1122,2.8967,-22.4493,-0.619622,8.485547,4.566582,-0.046334,-0.035461,0.036713,0
31.1,5.2167,4.2444,-21.5606,-0.325065,8.637132,5.28754,-0.038362,0.027214,0.057146,0
31.2,4.8875,5.8005,-20.7133,-0.175035,8.425248,4.613003,0.019945,0.081245,0.071746,0
31.3,4.4614,7.1732,-20.1253,0.215593,8.240283,4.351228,0.044135,0.106291,0.001405,0
31.4,3.7583,8.7103,-20.1527,-0.202433,8.813005,4.87095,0.020769,0.090958,-0.127609,0
31.5,3.039,10.0359,-19.968,-1.636571,8.226285,5.624449,-0.022297,0.005712,-0.136742,0
31.6,1.45,11.1106,-19.2075,-1.394298,8.345567,4.288656,0.002657,0.100121,0.069822,0
31.7,0.1156,12.4741,-18.1384,-0.969213,8.600044,5.002674,-0.068356,0.106748,0.063041,0
31.8,-1.1777,13.7071,-16.9162,0.178146,8.375238,5.125546,-0.050488,-0.033353,-0.153571,0
31.9,-2.2086,14.3652,-15.7008,-0.477667,8.632258,3.623481,0.089606,-0.157718,-0.28871,0
32.0,-3.3356,14.0427,-14.5544,-1.052483,8.600522,5.655197,-0.013195,-0.134451,-0.142576,0
32.1,-4.3056,12.8518,-13.495,-0.944567,8.120522,4.818307,0.009133,-0.034514,-0.006995,0
32.2,-4.8192,11.3587,-12.9995,-0.828156,8.396773,5.274618,0.07645,-0.04047,-0.018082,0
32.3,-4.8695,9.501,-13.2586,-0.707318,8.72794,4.324309,-0.005895,-0.083413,-0.028894,0
32.4,-4.441,7.451,-14.1399,-0.887737,8.334919,4.893681,0.000549,-0.057269,0.003574,0
32.5,-3.456,5.9807,-15.364,-0.917887,8.467003,4.339623,0.023121,0.000153,0.052229,0
32.6,-2.0777,4.5142,-16.6759,-0.084347,8.609735,5.30094,0.082772,0.049663,0.027061,0
32.7,-0.1766,3.7755,-18.168,-1.015155,8.300343,4.997291,-0.053542,0.012736,-0.052259,0
32.8,1.745,3.2617,-19.9107,-1.689452,8.365069,4.661338,-0.017013,-0.025412,-0.021319,0
32.9,3.6201,2.7398,-21.1492,-1.54023,8.588738,4.824678,0.010232,-0.040241,0.039821,0
33.0,4.371,1.9637,-21.6756,-0.619143,8.5614,5.124709,-0.023885,-0.020311,0.10067,0
33.1,4.2234,1.2575,-21.0389,-0.4733,8.605428,4.175595,0.063194,0.015027,0.052504,0
33.2,3.3092,1.6134,-19.717,-0.841197,8.533284,4.901817,-0.032223,0.025992,0.009835,0
33.3,-0.201,2.2299,-17.9289,-0.458465,8.283354,4.882196,0.042333,-0.028191,-0.044471,0
33.4,-4.407,2.7876,-15.7256,-0.575474,8.732128,6.124429,0.047037,-0.035369,-0.055192,0
33.5,-7.9703,4.3945,-14.1035,-0.887977,8.691569,4.049135,0.10513,-0.028039,-0.043096,0
33.6,-9.8665,5.9185,-13.2439,-0.771566,8.178668,3.80076,0.108428,-0.021594,-0.03204,0
33.7,-10.6109,7.2895,-13.2341,-0.965504,8.639765,4.476492,0.134391,0.002535,0.031093,0
33.8,-9.84,7.9109,-14.2969,-0.585165,8.43123,3.810211,0.001619,0.001069,0.027061,0
33.9,-7.8188,7.6152,-15.5271,-0.509432,8.289097,6.035775,-0.061422,0.025778,0.027855,0
34.0,-5.3096,6.5671,-17.1516,-0.887378,8.172446,4.337111,0.024618,0.033078,-0.035094,0
34.1,-2.7635,4.6394,-18.3587,-0.691376,8.363663,5.203193,0.033178,-0.119844,-0.17108,0
34.2,-0.8034,2.5643,-19.3752,-0.951745,8.541659,4.149633,-0.029383,-0.21817,-0.178892,0
34.3,-0.8147,0.1741,-20.1619,-1.239722,8.475976,5.306084,-0.100182,-0.156137,0.013073,0
34.4,-0.8719,-1.945,-20.63,-1.266042,8.618229,4.285426,-0.007178,-0.020128,0.165514,0
34.5,-0.5584,-3.4866,-21.2001,-0.901975,8.179625,4.466682,0.006109,-0.02419,0.16081,0
34.6,-0.1763,-4.3856,-21.9081,-0.847179,8.695039,4.916174,-0.01295,-0.01521,0.186344,0
34.7,0.0262,-5.6467,-22.3867,-0.437169,8.129136,5.172325,-0.003085,0.128312,0.278402,0
34.8,0.2528,-6.4086,-22.8591,-0.300897,8.105687,5.591428,-0.088362,0.239062,0.28842,0
34.9,0.3287,-7.1712,-23.2615,-0.332842,8.632706,4.300501,0.00565,0.182679,0.085277,0
35.0,0.4077,-7.9712,-23.7234,-0.454875,8.271629,4.860062,0.005681,0.11976,0.014172,0
35.1,0.3817,-8.6578,-24.0609,-0.269312,8.670632,5.138826,-0.004429,0.152808,0.017562,0
35.2,0.8681,-9.0965,-24.027,0.031705,8.528767,4.884648,0.017753,0.152067,-0.052038,0
35.3,1.1197,-9.5465,-24.2915,-0.590309,8.195896,5.040959,0.090286,0.109864,-0.161421,0
35.4,1.5328,-10.0804,-24.2937,-1.058824,8.187282,5.092644,0.084299,-0.006017,-0.17483,0
35.5,1.6934,-10.6397,-23.9971,-1.211965,8.632586,4.664449,-0.02978,0.038943,-0.042944,0
35.6,1.4795,-10.928,-23.5114,-0.674298,8.332526,4.679643,0.03711,0.097341,0.018906,0
35.7,1.1118,-11.4736,-22.6541,-0.498425,8.671948,4.748796,0.071899,-0.057452,-0.158947,0
35.8,0.6374,-11.6176,-21.9441,-0.778265,8.503015,4.321198,0.020739,-0.178189,-0.207877,0
35.9,-0.0492,-12.0864,-21.357,-1.057867,8.333842,6.220501,-0.025778,-0.080604,-0.006017,0
36.0,-0.3575,-12.2647,-20.6038,-1.262453,8.344969,4.158486,0.017593,0.045296,0.130572,0
36.1,-0.4225,-12.2127,-20.0927,-0.341336,8.303812,5.230351,0.086193,0.132191,0.140713,0
36.2,0.1622,-12.1441,-19.5221,-0.402144,8.351998,5.006682,-0.063759,0.063377,0.024854,0
36.3,0.374,-12.3051,-19.7717,-0.914896,8.776156,4.588596,-0.013958,-0.012614,-0.064294,0
36.4,1.0621,-12.1687,-19.7364,-0.72347,8.472267,3.482634,0.060201,-0.013958,-0.056413,0
36.5,1.4523,-11.9578,-20.2255,-0.343849,8.282995,4.888537,-0.111575,0.025381,-0.017288,0
36.6,1.8786,-11.76,-21.0298,-1.555095,8.373563,5.881917,0.02642,0.018295,-0.075747,0
36.7,2.2836,-11.5982,-21.7452,-0.970409,8.15438,4.149394,-0.09557,-0.100182,-0.033872,0
36.8,2.3645,-11.7342,-22.4415,-1.228595,8.220542,4.508915,0.071013,-0.00058,0.039798,0
36.9,2.4432,-11.9032,-22.7722,-0.905683,8.993663,5.236931,-0.109436,0.069303,0.130664,0
37.0,2.0605,-12.114,-22.7092,-0.364666,8.298189,4.871906,-0.009132,0.087598,0.061942,0
37.1,1.2453,-12.3678,-22.4263,-0.73352,8.140981,5.385885,-0.000122,0.010751,-0.068539,0
37.2,0.4472,-12.4253,-21.8496,-0.511586,8.5949,4.758248,0.071318,-0.087323,-0.159772,0
37.3,-0.2458,-12.6496,-21.0149,-0.763311,8.579705,5.156413,0.054795,-0.030299,-0.097067,0
37.4,-0.2849,-12.0784,-19.716,-0.817149,7.980811,4.627719,-0.003016,0.005689,-0.04444,0
37.5,-0.1406,-11.1415,-18.9197,-1.00355,8.377272,5.212046,-0.067745,-0.055528,-0.094195,0
37.6,0.5605,-10.4418,-18.3703,-0.980698,8.892088,5.185845,-0.061239,-0.104397,-0.112766,0
37.7,1.6239,-9.5915,-17.9424,-0.718804,8.449176,3.859623,0.051435,-0.073426,-0.103816,0
37.8,2.504,-8.9854,-17.67,-0.475693,8.112506,5.621697,-0.062247,-0.086896,-0.12874,0
37.9,3.5808,-8.0754,-17.5395,-0.990987,8.257631,5.206782,0.047648,-0.185489,-0.220003,0
38.0,3.9681,-7.6269,-18.0229,-1.22034,8.05448,4.65069,-0.00785,-0.289336,-0.219911,0
38.1,4.7609,-7.1767,-18.6085,-1.849532,8.830832,5.021339,-0.058948,-0.285213,-0.054397,0
38.2,5.2447,-6.76,-19.4652,-1.381137,8.643115,4.376233,0.056291,-0.10513,0.173394,0
38.3,5.4651,-6.5026,-20.4564,-1.058585,8.383015,4.370849,0.043707,-0.078252,0.160352,0
38.4,5.2534,-6.1818,-21.2784,-1.058944,8.505886,4.934359,0.045357,-0.118874,0.16869,0
38.5,4.946,-5.4822,-21.9748,-0.627278,8.269356,5.51091,0.051038,0.100457,0.36322,0
38.6,4.8945,-5.6987,-22.4578,-0.086441,7.951798,4.352993,-0.025695,0.174898,0.326316,0
38.7,4.8423,-5.7617,-22.8085,-0.17324,8.420821,5.198288,-0.028924,0.062583,0.099541,0
38.8,4.5951,-6.0108,-23.1504,-0.735075,8.685587,5.106164,0.080573,0.062675,0.07981,0
38.9,4.3948,-6.1516,-23.5837,-0.862852,8.48148,4.700939,0.049174,0.119791,0.183443,0
39.0,4.2623,-6.6465,-23.9432,0.03003,8.590114,3.842036,0.037232,0.307998,0.283991,0
39.1,4.6535,-7.0068,-24.1962,-0.157328,8.416515,5.243512,-0.002169,0.33115,0.104488,0
39.2,4.4786,-7.3927,-24.6761,-0.491725,8.319246,4.907918,0.157114,0.142148,-0.128587,0
39.3,4.2322,-7.7011,-25.1959,-1.107877,8.218269,4.959963,0.032681,0.023641,-0.144103,0
39.4,3.7387,-8.0778,-25.4517,-1.125584,8.422735,4.557968,0.008063,0.065943,-0.022724,0
39.5,3.568,-8.0415,-25.2812,-0.320758,8.506843,4.720561,-0.051588,0.072785,0.055161,0
39.6,3.1128,-8.5591,-24.8884,-0.224925,8.116096,4.571009,0.052656,0.035858,-0.081092,0
39.7,2.3654,-9.1637,-24.143,-1.049851,8.817193,4.873462,-0.038118,-0.052259,-0.099754,0
39.8,1.8987,-9.5541,-23.1289,-0.792922,8.291729,5.106583,0.011759,0.032948,0.044937,0
39.9,1.4717,-9.6083,-22.1065,-0.518166,8.400722,5.7143,-0.000153,0.066096,0.058429,0
40.0,1.4677,-9.3058,-20.9552,-0.777787,8.723872,4.651528,-0.004704,0.087476,0.038454,0
40.1,1.9074,-9.284,-20.0035,-0.760319,8.343174,4.481637,-0.054947,0.132741,0.07703,0
40.2,2.1147,-8.8406,-19.3444,-1.052363,8.284072,5.062734,0.047128,0.186497,0.078007,0
40.3,2.7619,-8.1913,-18.9121,-0.64343,8.59478,4.540979,0.038332,0.172111,0.033476,0
40.4,3.5215,-7.3929,-18.9177,0.413719,8.499187,4.825964,-0.016707,0.088484,-0.121318,0
40.5,3.9456,-6.6743,-19.2254,-0.795853,8.132486,4.490012,0.023763,-0.065118,-0.346299,0
40.6,3.9213,-6.5026,-19.7187,-1.110988,8.587841,5.278806,-0.012309,-0.196057,-0.337686,0
40.7,3.7875,-6.5602,-19.8279,-1.301576,8.53448,5.200322,0.062094,-0.063163,-0.109406,0
40.8,3.5103,-6.7143,-19.7818,-0.657667,8.077332,4.592784,-0.112704,-0.104275,-0.082436,0
40.9,2.8304,-7.0237,-19.7697,-0.879482,8.807382,4.72068,-0.025351,-0.186986,-0.210229,0
41.0,2.3034,-7.92,-19.4351,-1.092324,8.469994,4.830361,-0.047228,-0.19414,-0.183603,0
41.1,1.7356,-9.1397,-18.8453,-1.204786,8.21803,4.832904,0.011301,-0.172539,-0.123242,0
41.2,0.7926,-9.8566,-18.1297,-0.880918,8.304052,5.159285,0.020097,-0.228799,-0.114537,0
41.3,0.2907,-10.3357,-17.3131,-0.956531,8.412686,5.297829,0.047861,-0.201066,-0.071624,0
41.4,0.1285,-10.66,-16.8616,-0.685903,8.492008,5.206543,0.045723,-0.180358,-0.035705,0
41.5,0.2155,-10.1747,-17.2915,-1.371685,8.399406,4.391428,-0.019181,-0.212886,-0.030451,0
41.6,0.6416,-9.8865,-18.378,-1.755614,8.687143,4.473621,0.121104,-0.063835,0.145966,0
41.7,1.1281,-9.19,-19.7955,-1.229432,8.669196,4.989394,0.046701,0.153327,0.366274,0
41.8,1.7566,-8.6627,-21.5678,-0.29348,8.185607,5.180222,0.007514,0.151342,0.221927,0
41.9,2.1474,-8.4013,-23.318,-0.778146,8.328339,4.69065,-0.093859,0.06182,0.061178,0
42.0,2.7797,-8.4523,-24.5095,-1.307678,8.354301,4.641837,0.065271,0.074281,0.044776,0
42.1,3.1127,-8.3831,-25.0483,-0.945883,8.177352,4.834339,-0.020708,0.057543,0.077488,0
42.2,3.3836,-8.7217,-24.7232,-0.312862,8.319246,5.048856,-0.051694,0.047151,0.049251,0
42.3,3.5288,-9.2416,-23.863,-0.654198,8.673623,5.112505,-0.010324,0.0405,-0.02419,0
42.4,3.6238,-9.754,-22.5236,-0.954258,8.406465,4.277051,-0.017776,0.014416,-0.042058,0
42.5,3.6345,-9.5109,-21.3411,-0.933799,8.31135,5.109514,0.03146,-0.051679,-0.055406,0
42.6,3.4663,-9.452,-20.3033,-0.063888,8.276056,5.475974,0.013622,-0.086926,-0.080237,0
42.7,3.534,-9.3058,-19.4472,-0.81009,8.672188,4.61085,0.028466,-0.086804,-0.091599,0
42.8,3.5384,-8.8385,-18.9526,-0.864766,8.162875,4.817231,-0.003574,-0.024007,-0.001252,0
42.9,3.0773,-8.7126,-18.9441,-1.100818,8.640004,4.781099,-0.064507,0.028925,0.064935,0
43.0,2.8545,-8.4491,-19.3172,-0.655394,8.289455,4.913183,-0.040011,0.047342,0.058796,0
43.1,3.3791,-9.1929,-19.9121,-0.289173,8.560921,4.746882,-0.022052,-0.049572,-0.074892,0
43.2,5.4631,-10.693,-20.3199,-0.619143,8.501101,4.788277,0.070036,-0.0073,-0.093065,0
43.3,7.6972,-12.2027,-21.037,-1.322035,8.308598,4.664808,0.017746,-0.0146,-0.048197,0
43.4,10.9237,-13.3791,-21.5652,-0.882204,8.386544,5.24073,0.004925,-0.044975,-0.035316,0
43.5,14.6652,-14.0104,-22.1011,-1.410689,8.329296,5.054838,-0.037477,-0.040928,0.015027,0
43.6,18.4432,-14.376,-22.5129,-1.735514,8.370333,4.692445,-0.012339,-0.041783,0.114995,0
43.7,21.8096,-14.438,-22.716,-0.968375,8.396535,5.177949,-0.003299,0.082344,0.260014,0
43.8,24.0794,-13.8295,-22.7763,-0.631346,8.425846,5.308836,0.030452,0.157848,0.244743,0
43.9,25.0948,-13.3479,-22.9064,-0.645464,8.173523,4.629274,-0.02135,0.131427,0.179411,0
44.0,25.3826,-12.6046,-23.055,-0.825643,8.333484,5.592146,0.055711,0.159497,0.157053,0
44.1,25.5956,-12.5466,-23.0653,-0.691406,8.514859,4.90074,0.023763,0.17935,0.157756,0
44.2,25.8678,-12.4262,-22.8497,-0.575713,8.146843,5.106284,-0.075075,0.118843,0.097097,0
44.3,25.3716,-12.2563,-22.908,-0.443629,8.519405,5.040601,-0.002779,0.129809,0.066584,0
44.4,25.3722,-12.0674,-22.9049,-0.459422,8.287541,4.906722,0.007788,0.134268,0.034667,0
44.5,25.3728,-11.8785,-22.9018,-0.675075,8.088638,4.661069,-0.03207,0.126029,0.032376,0
44.6,25.3734,-11.6896,-22.8987,-0.492802,8.491649,5.091448,-0.012187,0.163284,0.048747,0
44.7,25.374,-11.5007,-22.8956,-0.454278,8.242915,5.100661,-0.064721,0.137811,-0.00226,0
44.8,25.3746,-11.3118,-22.8925,-0.338226,8.517013,5.196014,0.054733,0.112979,-0.071257,0
44.9,25.3752,-11.1229,-22.8894,-0.376391,8.12459,4.90062,0.05733,0.078282,-0.148013,0
45.0,25.3759,-10.9341,-22.8864,0.006461,8.165029,5.077809,0.009927,-0.068845,-0.293734,0
45.1,25.3765,-10.7452,-22.8833,-0.426281,8.316136,4.936154,0.062003,-0.299965,-0.502711,0
45.2,25.3771,-10.5563,-22.8802,-1.095674,8.456235,5.032345,0.008338,-0.428094,-0.481484,0
45.3,25.3777,-10.3674,-22.8771,-1.292483,8.528858,4.926224,0.052443,-0.325683,-0.233625,0
45.4,25.3783,-10.1785,-22.874,-1.328854,8.346405,5.081518,-0.00672,-0.080206,0.062766,0
45.5,25.3789,-9.9896,-22.8709,-1.149033,8.345448,5.537111,0.071104,-0.094653,0.021258,0
45.6,25.3795,-9.8007,-22.8678,-1.38006,8.677332,5.196134,0.130908,-0.206564,-0.034086,0
45.7,25.3801,-9.6118,-22.8647,-1.426721,8.141429,3.848257,0.065057,-0.154091,0.077809,0
45.8,25.3807,-9.423,-22.8616,-0.792503,8.686904,4.416193,0.011209,-0.038882,0.213955,0
45.9,25.3813,-9.2341,-22.8585,-1.067079,8.333603,5.333243,0.052718,0.264077,0.419817,0
46.0,25.3819,-9.0452,-22.8554,-0.743689,8.303573,3.976154,-0.055528,0.177853,0.282189,0
46.1,25.3825,-8.8563,-22.8523,-0.117248,8.387801,5.438288,-0.054856,0.181641,0.185856,0
46.2,25.3831,-8.6674,-22.8492,-0.501655,8.552905,4.968816,-0.047464,0.218842,0.145172,0
46.3,25.3837,-8.4785,-22.8461,-0.153499,8.495717,4.459384,-0.04215,0.153816,0.016585,0
46.4,25.3843,-8.2896,-22.843,0.105165,8.439725,4.736353,-0.002413,0.075472,-0.133138,0
46.5,25.3849,-8.1008,-22.8399,0.092961,8.641081,4.822495,0.079932,0.080115,-0.21307,0
46.6,25.3855,-7.9119,-22.8368,-0.08662,8.196375,4.617789,-0.037232,-0.094562,-0.413617,0
46.7,25.3861,-7.723,-22.8337,-1.078684,8.474899,5.273901,0.037171,-0.221988,-0.511874,0
46.8,25.3867,-7.5341,-22.8306,-2.20693,8.462965,4.46052,-0.002863,-0.163788,-0.309632,0
46.9,25.3873,-7.3452,-22.8275,-1.312224,8.599446,4.835895,0.010385,-0.073915,-0.178433,0
47.0,25.3879,-7.1563,-22.8244,-0.072503,7.953982,5.541777,0.018021,-0.361601,-0.491013,0
47.1,25.3885,-6.9674,-22.8213,-0.585643,8.585209,5.454559,0.157695,-0.792078,-0.906065,0
47.2,25.3891,-6.7785,-22.8182,-2.276651,8.432546,4.708716,0.182527,-0.82592,-0.740338,0
47.3,25.3898,-6.5897,-22.8152,-2.510789,8.5279,5.40395,0.228219,-0.630016,-0.335395,0
47.4,25.3904,-6.4008,-22.8121,-2.196611,8.330253,4.595775,0.232617,-0.503108,-0.093493,0
47.5,25.391,-6.2119,-22.809,-2.155096,8.433623,4.735396,0.206014,-0.456408,0.046976,0
47.6,25.3916,-6.023,-22.8059,-2.414239,8.392227,4.127739,0.147157,-0.205862,0.364747,0
47.7,25.3922,-5.8341,-22.8028,-2.167778,8.209176,4.840441,0.135795,0.207266,0.7579,0
47.8,25.3928,-5.6452,-22.7997,-1.207418,8.460662,5.014758,0.03937,0.504941,0.90408,0
47.9,25.3934,-5.4563,-22.7966,-0.589352,8.21133,4.549952,0.011118,0.552161,0.73145,0
48.0,25.5408,-5.2953,-22.8368,-0.377348,8.215158,4.879444,-0.063102,0.54651,0.560346,0
48.1,25.4049,-5.0648,-23.0159,0.279242,8.564869,4.430431,-0.058368,0.349445,0.222263,0
48.2,25.3971,-4.6667,-22.811,0.112582,8.46461,4.286502,0.039095,0.161299,-0.058154,0
48.3,25.2255,-4.4069,-22.4111,0.111266,8.480014,4.639982,-0.035736,0.085483,-0.136566,0
48.4,24.8676,-4.1918,-22.1534,0.052881,8.799486,5.042634,0.05287,0.105771,-0.170401,0
48.5,24.4217,-4.6385,-21.7634,-0.649532,8.474301,4.726543,-0.014019,0.013989,-0.237413,0
48.6,23.9959,-5.7209,-21.4344,-0.734596,8.401679,4.541577,-0.032743,-0.160199,-0.347552,0
48.7,23.6292,-6.5737,-21.4945,-0.898744,8.721719,4.392145,0.082222,-0.175899,-0.303478,0
48.8,23.3228,-7.2145,-21.8433,-1.037528,8.732247,4.84415,0.0624,-0.081642,-0.142057,0
48.9,23.0905,-7.6443,-22.3927,-0.513739,8.682596,4.011567,0.086498,-0.012553,-0.089431,0
49.0,22.9582,-7.8471,-23.0672,-0.594736,8.426923,4.832425,0.062186,-0.109253,-0.232831,0
49.1,22.6605,-7.6844,-23.5019,-1.607618,8.620143,4.216153,0.070891,-0.251463,-0.31484,0
49.2,22.1728,-7.1809,-23.6296,-1.82692,8.750194,4.618028,0.018387,-0.253662,-0.159405,0
49.3,21.8139,-6.907,-23.4807,-1.33675,9.034341,4.575316,0.067562,-0.139705,0.000367,0
49.4,21.22,-7.6126,-23.5717,-1.309323,8.34781,4.03744,0.066432,-0.149547,-0.010423,0
49.5,20.8878,-8.4918,-23.793,-0.909273,8.607701,4.498507,0.085246,-0.25021,-0.088209,0
49.6,21.152,-8.7611,-24.142,-1.543012,8.855478,4.207899,0.058673,-0.097738,0.09053,0
49.7,21.7673,-9.0493,-24.5418,-1.462015,8.719326,4.15059,-0.006048,0.288939,0.46499,0
49.8,22.4045,-9.156,-25.1361,-0.329372,8.408858,4.020899,-0.043524,0.465296,0.451062,0
49.9,21.8826,-7.3848,-25.3123,-0.418026,8.457312,4.907919,0.047953,0.224096,0.028925,0
50.0,20.5681,-4.9431,-24.236,-0.676451,8.501938,4.198806,-0.028436,0.011515,-0.177639,1
50.1,19.1598,-1.9659,-22.0737,-0.448894,8.843633,4.607141,-0.061911,0.110139,-0.106657,1
50.2,17.4332,1.4063,-19.8833,0.511705,9.103255,7.002476,0.100151,-0.301554,-0.635788,1
50.3,16.4468,2.8985,-17.1911,-0.164147,8.601719,3.268835,0.206778,-0.857838,-1.172677,1
50.4,15.6093,2.7869,-15.2837,-2.340061,8.698867,3.862255,0.287168,-0.730564,-0.890366,1
50.5,15.6788,3.0271,-14.113,-2.672185,8.319994,3.485446,0.19269,-0.325094,-0.257212,1
50.6,16.8594,2.6441,-13.1047,-1.691845,8.622896,3.875655,0.150578,-0.282098,-0.228555,1
50.7,17.8923,0.9311,-12.6559,-2.17352,8.773404,4.609414,-0.0146,-0.4335,-0.306257,1
50.8,18.3518,-0.9122,-12.6236,-1.34357,8.03785,4.601159,-0.093096,-0.450849,-0.316581,1
50.9,17.7163,-1.3583,-12.2254,-1.621377,7.735637,4.038846,-0.090011,-0.516547,-0.400666,1
51.0,16.6781,-0.9852,-11.373,-1.071745,7.832067,5.27414,-0.096852,-0.697363,-0.55998,1
51.1,16.0152,-0.7975,-10.7599,-2.437688,8.832626,6.175875,0.057299,-0.892595,-0.758297,1
51.2,15.7408,-0.2013,-10.4479,-3.018067,8.816833,5.763233,0.363923,-0.74608,-0.512149,1
51.3,15.468,-1.0898,-9.9368,-2.62373,7.618508,3.605984,0.281456,-0.401704,0.007666,1
51.4,15.4289,-2.0751,-9.8792,-2.059144,8.699585,4.140062,0.367496,-0.056566,0.246453,1
51.5,15.6423,-2.071,-9.9191,-1.195574,8.710951,4.30397,0.326263,-0.115148,0.03488,1
51.6,15.5664,-2.1359,-10.1897,-0.505364,8.156175,5.380621,0.069791,-0.534446,-0.436005,1
51.7,14.9274,-2.1024,-10.5209,-1.14362,7.912317,6.078816,0.146035,-0.829134,-0.733725,1
51.8,14.1802,-1.9097,-10.2696,-3.155894,8.677212,3.674658,0.301889,-0.742017,-0.506559,1
51.9,13.2666,-1.3959,-9.8464,-2.622414,8.32798,5.537231,0.077946,-0.176357,0.231671,1
52.0,12.2803,-0.1583,-9.6155,-1.709193,8.048498,4.587639,0.202441,0.053573,0.274981,1
52.1,11.9098,0.1268,-9.4243,-0.855913,8.509117,4.375755,0.171897,-0.229166,-0.142576,1
52.2,11.473,0.586,-9.2874,-1.199761,8.383135,4.426363,0.168476,-0.436463,-0.401705,1
52.3,10.9114,0.3759,-9.0711,-1.405185,8.722796,5.215635,0.101129,-0.569754,-0.471191,1
52.4,11.0679,0.0285,-8.7839,-1.739582,8.450971,4.914858,0.013775,-0.601671,-0.436554,1
52.5,11.2235,0.1327,-9.1514,-1.925265,8.051489,5.344728,0.122753,-0.54932,-0.323728,1
52.6,11.1658,-0.0556,-10.3116,-2.174478,8.284311,4.604987,0.187108,-0.472137,-0.197554,1
52.7,11.6892,-0.5419,-11.4957,-2.18381,8.0814,4.501617,0.162918,-0.491838,-0.145172,1
52.8,12.4176,-1.2183,-12.801,-1.677129,8.717651,4.691846,0.163559,-0.496541,-0.096944,1
52.9,12.843,-1.8681,-14.4756,-1.849502,8.087142,5.318348,0.11931,-0.345292,0.08449,1
53.0,13.6517,-2.1459,-15.9118,-2.004109,8.280003,4.298347,0.071257,-0.202105,0.255067,1
53.1,14.3266,-2.8431,-17.4321,-1.797728,8.284191,4.714459,0.063622,-0.051038,0.364809,1
53.2,14.6247,-3.2835,-18.6603,-1.871666,8.440802,4.280042,-0.017501,0.135215,0.501031,1
53.3,14.822,-3.9987,-19.3021,-1.327179,8.291967,4.631069,-0.012034,0.155587,0.431942,1
53.4,15.035,-4.6994,-19.5509,-0.702533,8.361599,4.537151,-0.057818,0.068783,0.282617,1
53.5,14.8893,-5.0706,-19.9434,-0.387757,8.250333,5.445227,-0.068936,0.099693,0.216735,1
53.6,14.1132,-5.3722,-20.4121,-0.913101,8.202357,4.391667,0.019242,0.089889,0.154946,1
53.7,13.0853,-5.7691,-20.8152,-0.719642,8.506006,5.041917,-0.038057,0.153174,0.213223,1
53.8,11.5297,-6.5447,-20.9512,-0.652643,8.329296,4.372285,-0.004185,0.246392,0.236222,1
53.9,9.527,-6.5782,-21.0563,-0.363709,8.546325,4.787919,-0.038698,0.204212,0.118538,1
54.0,8.204,-6.4598,-20.8613,-0.254686,8.736943,4.712664,0.028138,0.162146,0.008666,0
54.1,7.1134,-6.7856,-21.1816,-0.47677,8.473683,4.352744,-0.002112,0.066355,-0.11614,0
54.2,6.2187,-7.0888,-21.5156,-1.26018,8.665488,5.377869,-0.01295,-0.086407,-0.2131,0
54.3,5.391,-8.2584,-22.1941,-1.248007,9.089586,4.954638,0.15432,-0.101557,-0.115148,0
54.4,4.9037,-9.0818,-23.044,-0.485863,8.206663,3.676692,0.070677,-0.039798,-0.028924,0
54.5,4.7499,-9.284,-23.4293,-0.677049,8.660463,4.809454,0.110841,-0.057421,-0.039767,0
54.6,4.1011,-9.8947,-24.0145,-1.33017,8.920443,4.477689,0.142942,-0.045143,0.005192,0
54.7,3.4899,-10.4739,-24.265,-0.939662,8.056156,5.340182,-0.007911,0.098074,0.199081,0
54.8,3.0967,-10.8697,-23.885,-1.107518,8.456115,4.302893,0.128221,0.101037,0.202716,0
54.9,2.7441,-9.7721,-23.4539,-0.715932,8.900941,4.518248,-0.002046,0.038088,0.168843,0
55.0,2.9392,-8.3464,-23.0647,-0.722034,8.348798,5.153303,-0.064752,0.158336,0.278127,0
55.1,3.3116,-6.5712,-23.0655,-0.80686,8.37464,4.998846,-0.009529,0.2839,0.324247,0
55.2,3.7672,-5.0188,-23.3412,-0.375434,8.253204,5.272226,-0.015485,0.220278,0.217835,0
55.3,4.1431,-3.7386,-23.8059,-0.418385,7.847023,3.893362,-0.070005,0.188513,0.144561,0
55.4,5.0944,-0.7782,-24.5707,-0.642114,8.995578,6.083871,-0.05733,0.239123,0.187047,0
55.5,6.166,2.12,-25.1081,-0.605683,8.823534,4.685296,-0.002443,0.300469,0.195973,0
55.6,6.5113,3.7792,-25.642,-0.105882,8.127222,5.04072,0.067287,0.267773,0.109864,0
55.7,6.6685,4.81,-25.8972,-0.26668,8.520722,5.325825,0.007239,0.203662,0.002474,0
55.8,6.3592,5.4906,-26.1185,-0.18329,9.102417,6.953902,0.481575,0.241567,-0.038576,0
55.9,6.0401,5.9712,-25.7405,-0.977827,8.426923,3.259144,0.525985,0.255036,-0.047861,0
56.0,5.5889,5.9214,-24.647,-0.838086,8.369974,3.951627,0.068386,0.140774,-0.042485,0
56.1,5.4574,5.3283,-22.9558,-0.303171,8.507801,4.883153,-0.076938,0.211023,-0.009438,0
56.2,5.609,3.869,-20.9893,-0.543051,8.130333,5.122196,-0.014966,0.097525,-0.144286,0
56.3,5.9874,2.2279,-19.1922,-0.71665,8.72806,4.702135,0.10232,-0.156504,-0.344833,0
56.4,7.3413,1.3907,-18.1278,-0.208654,7.700103,4.481159,-0.020647,-0.29798,-0.344589,0
56.5,9.0261,-0.1262,-17.2604,-0.715215,8.99809,5.010212,0.067165,-0.226539,-0.232526,0
56.6,10.5142,-2.1308,-16.9111,-1.5836,8.012068,4.516602,-0.009812,-0.153823,-0.049518,0
56.7,12.0668,-3.884,-17.9909,-0.949352,8.38792,4.996692,-0.005651,-0.12596,0.052229,0
56.8,13.0056,-5.0882,-19.793,-0.857947,8.571091,5.311588,0.124067,-0.026603,0.104305,0
56.9,13.8347,-5.8866,-20.7556,-0.889412,8.622297,4.213521,-0.000305,-0.030177,0.154671,0
57.0,14.3922,-6.4312,-20.8272,-0.362393,8.535916,4.713143,-0.060109,0.175654,0.306898,0
57.1,15.0651,-7.1875,-20.3488,0.261057,8.199007,5.369015,0.038606,0.297033,0.228433,0
57.2,15.6212,-8.119,-19.7316,-0.469711,8.299984,4.565266,0.013622,0.067439,-0.123272,0
57.3,16.6051,-9.246,-19.4214,-1.265803,8.482198,4.59757,0.02306,-0.067959,-0.156992,0
57.4,17.3927,-11.1542,-19.5918,-1.04698,8.56475,4.64411,-0.056994,-0.006994,0.004123,0
57.5,18.7725,-13.0787,-19.5622,-1.123191,8.279645,4.933043,-0.046273,0.045082,0.08039,0
57.6,20.3324,-14.3059,-19.7677,-1.185404,8.620981,4.758008,-0.043219,0.212337,0.245323,0
57.7,21.9615,-14.3841,-20.4782,-0.305324,8.390074,4.879922,-0.002993,0.419756,0.329348,0
57.8,23.0557,-13.4315,-20.8796,0.554387,7.862217,5.782106,-0.056085,0.227394,-0.033025,0
57.9,23.7331,-11.8032,-20.4312,0.221436,8.516056,5.261219,-0.002927,-0.176871,-0.523384,0
58.0,24.4133,-9.9428,-19.4253,-0.77692,8.082805,3.79397,-0.015501,-0.426154,-0.617164,0
58.1,24.9526,-7.8683,-18.3073,-0.647857,8.63127,5.953702,0.028924,-0.477666,-0.542845,0
58.2,25.4347,-5.5869,-17.4448,-1.465843,8.963753,5.682236,0.128434,-0.435883,-0.361632,0
58.3,26.1296,-3.6883,-17.1213,-1.775474,9.050732,4.386522,0.261633,-0.181946,-0.006994,0
58.4,26.2427,-3.39,-17.0228,-1.275255,7.948717,4.446343,0.214413,0.071105,0.258243,0
58.5,26.4343,-2.9838,-16.8535,-0.705285,8.288259,3.321477,0.049786,0.053023,0.179228,0
58.6,25.6675,-2.7366,-16.3643,-0.581456,8.473464,4.455316,-0.138117,-0.033597,0.032009,0
58.7,24.5129,-2.6323,-15.5293,-0.773121,7.73791,4.043392,-0.28167,-0.096059,-0.032681,0
58.8,22.966,-2.1454,-15.1742,-0.569372,8.179146,5.636413,-0.300454,-0.14392,-0.093554,0
58.9,21.0147,-2.1406,-15.1469,-1.019342,8.630612,6.508178,-0.198646,-0.241864,-0.169019,0
59.0,18.7985,-1.8954,-15.1542,-0.849691,8.410174,4.122355,-0.013011,-0.20916,-0.125349,0
59.1,16.3787,-1.5883,-15.2172,-1.268435,7.970851,5.553741,0.055925,-0.071624,0.050121,0
59.2,14.6579,-1.3731,-15.0738,-1.308755,8.619904,3.912624,0.173822,0.26933,0.343948,0
59.3,13.7072,-1.7933,-14.975,-0.542094,8.919366,4.949913,0.06353,0.187902,0.139858,0
59.4,12.9762,-3.4424,-15.0981,-0.821695,8.038807,5.074698,0.039217,-0.208152,-0.259648,0
59.5,12.9226,-5.1126,-15.4305,-1.126301,8.749835,4.132884,0.021502,-0.221408,-0.152014,0
59.6,12.894,-7.3434,-15.3588,-1.076411,8.083912,4.708716,-0.073365,-0.003971,0.125441,0
59.7,13.0549,-9.4648,-15.4105,-0.845025,8.434819,4.878606,-0.051343,0.030666,0.155831,0
59.8,13.3555,-11.1858,-15.6909,-0.700977,8.309077,5.344489,-0.083536,0.099541,0.173669,0
59.9,13.7462,-12.2152,-16.3049,-0.575952,7.812207,4.575675,-0.069914,0.137261,0.144409,0
60.0,14.1772,-12.262,-17.3578,-0.488734,8.490094,5.071827,-0.041539,0.083719,0.032131,0
60.1,16.6469,-12.4741,-13.7472,-0.649203,8.397761,5.044519,0.001947,-0.104572,-0.1497,0
60.2,15.4252,-9.9132,-14.8131,-0.852443,8.549675,4.842355,0.023641,-0.012095,-0.02758,0
60.3,13.514,-8.7903,-15.2762,-0.625723,8.195657,4.230989,-0.014172,0.086529,0.045204,0
60.4,11.2876,-8.7241,-15.34,-0.44339,8.425248,5.56427,0.039615,-0.065393,-0.121929,0
60.5,9.1203,-9.3333,-15.2079,-0.973998,8.41149,4.591109,-0.011759,-0.092088,-0.101281,0
60.6,7.3864,-10.2366,-15.0832,-1.348236,8.452646,5.709753,-0.024801,0.001894,0.07031,0
60.7,6.535,-10.5104,-15.4444,-0.802194,8.169695,4.193541,0.030849,0.013225,0.081581,0
60.8,7.7001,-10.3581,-16.3198,-0.616391,8.284789,4.795815,0.002902,-0.046487,0.025993,0
60.9,10.5542,-9.8103,-17.6205,-1.27681,8.340183,4.893801,0.031001,0.118172,0.206014,0
61.0,14.5676,-8.6454,-18.8129,-1.077727,8.673384,5.651967,-0.096761,0.213803,0.288145,0
61.1,18.5331,-7.1387,-19.744,-0.206979,8.121479,4.570291,0.034514,0.296666,0.214261,0
61.2,22.3171,-5.7358,-20.3854,-0.582533,8.281799,4.914977,-0.045387,0.119363,-0.02923,0
61.3,25.3609,-4.5266,-20.4708,-0.349502,8.023882,5.309524,-0.029054,-0.148058,-0.254883,0
61.4,27.2191,-3.5702,-20.3604,-0.888934,8.473464,4.706443,0.019761,-0.169301,-0.184114,0
61.5,27.7351,-3.3516,-19.8911,-1.245703,8.358967,5.547999,-0.036346,0.127335,0.192698,0
61.6,26.8643,-3.7138,-19.7563,-0.751346,8.519286,4.638248,-0.011454,0.378339,0.345475,0
61.7,25.8123,-3.5536,-19.6193,0.017468,8.165507,5.356214,-0.045326,0.337442,0.133046,0
61.8,25.4852,-3.3933,-19.4824,-0.185205,8.277252,5.133562,-0.02193,-0.01909,-0.321865,0
61.9,25.158,-3.2331,-19.3455,-0.51338,8.537352,5.2075,-0.025717,-0.351125,-0.529711,0
62.0,24.8308,-3.0728,-19.2085,-0.932124,8.395099,5.028278,0.045815,-0.209465,-0.293887,0
62.1,24.5037,-2.9126,-19.0716,-1.392503,8.147561,5.546683,0.082161,-0.157512,-0.147279,0
62.2,24.1765,-2.7523,-18.9347,-0.694397,8.317093,4.218786,0.074403,-0.348651,-0.224615,0
62.3,23.8493,-2.5921,-18.7978,-1.336033,8.656993,5.259305,-0.025168,-0.184542,0.044898,0
62.4,23.5222,-2.4318,-18.6608,-1.128455,8.36806,4.897749,0.008796,0.064935,0.281273,0
62.5,23.195,-2.2716,-18.5239,-0.77348,8.300104,5.28419,0.013531,-0.004643,0.149265,0
62.6,22.8678,-2.1113,-18.387,-1.214208,8.501699,5.033452,0.054978,0.119386,0.235641,0
62.7,22.5407,-1.951,-18.25,-0.963231,8.268638,5.373921,-0.004581,0.26035,0.3295,0
62.8,22.2135,-1.7908,-18.1131,-0.601196,8.218508,4.974678,0.047831,0.208702,0.1518,0
62.9,21.8863,-1.6305,-17.9762,-0.882712,8.55805,5.335995,0.02529,0.151525,0.064721,0
63.0,21.5592,-1.4703,-17.8393,-0.358804,8.210014,4.516094,0.044624,0.056811,-0.085063,0
63.1,21.232,-1.31,-17.7023,-0.345882,8.531131,5.663811,0.045113,-0.048594,-0.176326,0
63.2,20.9049,-1.1498,-17.5654,-0.553221,8.334919,4.398965,-0.051374,-0.138361,-0.213742,0
63.3,20.5777,-0.9895,-17.4285,-0.587677,8.102336,4.958168,-0.014936,-0.138666,-0.172264,0
63.4,20.2505,-0.8293,-17.2915,-1.487618,8.631988,4.731807,-0.042822,-0.034544,-0.002443,0
63.5,20.0537,-0.1067,-17.2389,-0.641994,8.320442,5.303691,-0.02022,0.084941,0.090225,0
63.6,19.6181,-0.2832,-17.1575,-0.882114,8.246863,5.061777,-0.074739,0.115179,0.076236,0
63.7,19.2716,-0.693,-16.9821,-0.75359,8.200801,4.630262,-0.014622,0.131069,0.011415,0
63.8,19.0544,-1.3385,-16.5616,-0.329731,8.166704,5.372006,-0.028314,-0.024465,-0.178373,0
63.9,18.4315,-2.0314,-15.9641,-0.865125,8.284191,4.365226,0.029077,-0.008949,-0.189063,0
64.0,17.3204,-3.0525,-15.1387,-0.796571,8.298668,5.792665,-0.018876,-0.005039,-0.190468,0
64.1,15.8031,-4.192,-14.354,-0.351984,8.131768,5.232983,0.038698,-0.170553,-0.394924,0
64.2,14.2548,-5.1765,-13.9113,-0.455354,8.211689,5.603034,0.057238,-0.394313,-0.577664,0
64.3,12.812,-6.0229,-13.7048,-0.867757,8.681759,4.695675,0.189521,-0.533499,-0.615782,0
64.4,11.5353,-6.5444,-13.9987,-1.817349,8.596215,5.386004,0.106077,-0.421252,-0.331608,0
64.5,10.784,-6.3773,-14.8593,-1.681556,8.338628,4.868078,0.119394,-0.211634,-0.032009,0
64.6,10.695,-7.0589,-15.9378,-1.158964,8.316973,5.614041,0.053329,-0.119546,0.030391,0
64.7,11.8796,-7.3417,-16.9467,-0.962752,8.059744,4.845585,0.050152,-0.21026,-0.118874,0
64.8,13.5599,-7.3484,-17.9712,-1.408057,8.561519,5.519763,0.06857,-0.280204,-0.190192,0
64.9,15.098,-6.6412,-18.8813,-1.614677,8.198409,5.014639,0.077488,-0.202838,-0.067378,0
65.0,16.367,-6.3527,-19.5687,-1.231705,8.220303,5.361359,0.065424,-0.160688,-0.040195,1
65.1,17.2511,-6.0077,-20.0175,-0.24003,8.74487,4.218098,0.141224,-0.175471,-0.158138,1
65.2,17.9497,-5.7985,-20.2241,-1.238764,8.235258,5.002076,0.050427,-0.287045,-0.258946,1
65.3,18.3498,-5.5478,-19.9163,-1.343809,8.440562,4.713741,0.049358,-0.199661,-0.15125,1
65.4,18.1082,-5.5081,-19.3248,-1.057987,8.340662,5.629953,0.067592,-0.163284,-0.156901,1
65.5,17.3774,-5.8051,-18.4262,-0.879602,8.121001,4.748437,0.089522,-0.301981,-0.318963,1
65.6,16.4621,-5.934,-17.1093,-0.535394,8.268877,5.327978,0.045937,-0.31936,-0.347338,1
65.7,15.8803,-5.906,-15.5463,-0.652283,8.494401,4.573282,0.008674,-0.489669,-0.543089,1
65.8,15.1552,-5.6965,-14.6065,-1.251925,8.460423,5.70102,0.146608,-0.765139,-0.768254,1
65.9,14.4186,-5.602,-14.3228,-1.934717,8.752228,5.114898,0.193461,-0.832517,-0.57913,1
66.0,14.2013,-6.271,-14.6295,-2.698805,8.825029,4.5009,0.280922,-0.507743,-0.127251,1
66.1,14.4326,-7.1385,-15.6495,-2.165385,8.169575,4.593023,0.272293,-0.172172,0.245965,1
66.2,14.952,-8.4213,-17.1034,-1.402673,8.570732,4.715895,0.110994,-0.090499,0.272048,1
66.3,15.7626,-9.3215,-18.9509,-2.142653,8.182257,4.55725,0.074281,-0.230785,0.088484,1
66.4,16.2386,-9.8942,-20.7387,-1.430429,8.755577,4.87753,0.058765,-0.202319,0.158489,1
66.5,16.3833,-10.0981,-22.2893,-1.332443,8.177471,4.259344,0.046487,-0.05455,0.253539,1
66.6,15.9898,-9.6134,-23.207,-0.995175,8.480881,4.866403,0.048319,0.049175,0.236344,1
66.7,15.8057,-9.0716,-23.2833,-0.66664,8.118129,4.008696,0.083322,0.00339,0.07254,1
66.8,15.4397,-8.7307,-22.8865,-0.76355,8.375478,4.599842,0.025198,-0.029047,-0.022877,1
66.9,14.8883,-8.0885,-21.9891,-0.969691,8.32798,5.369853,-0.009621,-0.025687,-0.025778,1
67.0,15.1648,-7.2014,-20.7804,-0.43681,8.155457,4.848457,0.012278,-0.019211,-0.101373,1
67.1,15.1879,-6.9769,-19.8304,-0.796451,8.658788,6.202555,0.022663,-0.127732,-0.241719,1
67.2,15.4248,-6.9371,-18.5922,-0.812004,8.318409,4.788995,0.056108,-0.209557,-0.310778,1
67.3,15.6123,-6.7383,-17.9805,-0.63993,7.487441,1.255036,0.03459,-0.227662,-0.275729,1
67.4,15.5869,-6.2888,-17.645,-0.739502,8.702457,5.782615,-0.023701,-0.308181,-0.340771,1
67.5,15.3778,-6.269,-17.7114,-1.149631,8.313862,5.978826,-0.074129,-0.400972,-0.40537,1
67.6,14.7872,-6.2471,-18.0516,-1.415354,7.647102,5.351787,0.038209,-0.437349,-0.323606,1
67.7,14.2358,-6.4123,-18.5521,-1.577229,8.842796,4.634419,0.083047,-0.36435,-0.145722,1
67.8,13.7409,-6.8058,-18.951,-1.644587,8.321639,5.939584,-0.011209,-0.311633,0.00953,1
67.9,13.1999,-6.7433,-19.2218,-1.599482,8.219585,4.866523,0.110902,-0.035491,0.243857,1
68.0,13.2734,-6.6654,-19.3747,-1.164826,8.455278,4.737669,-0.01741,0.002749,0.223607,1
68.1,12.755,-6.8883,-20.0878,-0.62692,8.390193,5.264808,-0.0124,-0.138819,0.008277,1
68.2,13.1854,-7.3614,-20.0463,-1.267957,8.160243,4.109912,0.036163,-0.181579,-0.027917,1
68.3,13.1762,-8.0369,-20.2124,-1.207418,8.591908,5.543811,-0.054275,0.01857,0.191903,1
68.4,13.4954,-8.3248,-19.8661,-0.402712,8.138827,4.836971,-0.048778,0.165453,0.202716,1
68.5,13.7986,-9.0818,-19.3925,-0.292074,7.809426,5.204389,-0.016684,-0.063377,-0.131603,1
68.6,14.0094,-8.913,-19.2314,-1.183251,8.566066,5.35406,-0.014691,-0.183931,-0.213711,1
68.7,14.0486,-8.7009,-19.3281,-1.181696,8.191709,4.1007,0.009591,-0.125686,-0.075564,1
68.8,14.098,-8.6431,-19.0239,-0.609572,8.772925,5.842914,0.028497,-0.011118,-0.009957,1
68.9,14.1567,-8.7071,-18.7336,-0.887259,8.195298,3.855316,0.042058,0.090652,0.019212,1
69.0,14.3834,-8.0003,-18.626,-0.785085,8.03797,5.557689,0.029047,-0.020739,-0.133657,1
69.1,14.0786,-7.3671,-18.792,-0.997807,8.433025,5.13751,0.036163,-0.166339,-0.263466,1
69.2,14.1563,-6.8966,-18.202,-1.23027,8.184889,4.976473,0.003146,-0.14111,-0.165514,1
69.3,13.8464,-6.1187,-17.8256,-0.955574,8.303453,4.681318,0.064385,-0.171684,-0.193461,1
69.4,13.7628,-5.4074,-17.0238,-0.402952,8.383613,5.793502,-0.191812,-0.425009,-0.376506,1
69.5,13.786,-5.756,-15.8767,-1.3535,8.52814,4.520879,0.069425,-0.315512,-0.244346,1
69.6,13.4574,-5.5185,-15.2618,-1.482354,8.56475,5.098387,-0.004215,-0.264963,-0.104336,1
69.7,12.8882,-5.6543,-14.9928,-1.194616,7.803892,5.765357,0.015157,-0.242399,-0.048449,1
69.8,12.2818,-6.4503,-14.459,-0.998286,8.470592,4.141737,0.072785,-0.231273,-0.045998,1
69.9,11.9377,-6.8122,-14.4376,-1.275375,8.17484,5.122435,0.070616,-0.146485,0.031154,1
70.0,11.663,-7.0946,-14.5489,-1.036212,8.517133,5.677809,0.182038,0.002505,0.122081,1
70.1,11.3009,-7.4683,-14.872,-1.505205,8.452167,4.696393,0.091782,-0.016677,0.073548,1
70.2,11.3638,-7.259,-15.2662,-0.740459,8.672905,4.331129,0.061117,-0.070249,0.003818,1
70.3,11.8318,-6.4947,-15.8764,-0.915016,8.297232,5.671349,-0.027336,-0.042363,-0.001497,1
70.4,12.5562,-6.1292,-16.1938,-1.161476,8.530533,4.808975,-0.061423,-0.069303,-0.007392,1
70.5,13.1489,-6.1755,-16.5508,-1.022692,8.163952,4.985326,-0.009682,-0.013775,-0.007514,1
70.6,13.1604,-5.687,-16.6185,-1.14676,8.393543,4.196413,0.064935,-0.053176,-0.059468,1
70.7,12.9192,-5.6764,-16.1787,-0.622732,8.652088,5.081877,0.032467,-0.041722,-0.077061,1
70.8,12.12,-5.8849,-15.2276,-0.622493,8.247342,4.574239,0.027581,-0.086193,-0.189002,1
70.9,11.233,-5.8595,-13.9467,-0.817747,8.349455,5.149653,0.010728,-0.349758,-0.418366,1
71.0,9.8413,-6.649,-12.6341,-0.974178,8.619346,4.872285,0.085572,-0.529798,-0.477467,0
71.1,8.1049,-7.3696,-12.0714,-1.696511,8.490482,4.967051,0.087392,-0.412868,-0.203838,0
71.2,6.4992,-7.5077,-12.3188,-1.791865,8.370094,5.537351,0.046029,-0.305188,0.015852,0
71.3,5.1316,-6.8301,-13.0788,-1.686222,8.519884,4.734199,0.152747,-0.138728,0.214811,0
71.4,4.6776,-6.0179,-14.4521,-1.171526,8.302377,4.488098,0.063744,0.071471,0.440586,0
71.5,4.0141,-5.3932,-16.7496,-1.19701,8.476455,4.792585,0.021014,0.229899,0.461783,0
71.6,4.3987,-4.592,-18.5447,-0.962872,8.652327,4.441558,0.000214,0.117256,0.267711,0
71.7,5.4196,-4.2559,-20.4496,-0.865604,8.511868,5.902615,-0.19902,0.033292,0.218079,0
71.8,6.8622,-4.0885,-21.8684,-1.114936,8.150313,3.438606,0.00733,0.25357,0.370276,0
71.9,8.4877,-5.0847,-22.8808,-0.271466,8.319605,4.99753,-0.054398,0.296667,0.321437,0
72.0,9.6175,-6.5258,-23.9198,0.115454,8.251769,4.894279,-0.088239,0.19062,0.101465,0
72.1,10.0688,-7.7683,-24.7154,-0.594258,8.299745,4.550072,0.022571,0.131275,0.000336,0
72.2,10.1843,-8.3453,-24.7444,-0.361615,8.610273,5.020441,-0.08262,0.181122,0.075289,0
72.3,9.9025,-8.5241,-23.8051,0.086859,8.235617,5.056632,-0.109406,0.167041,-0.006384,0
72.4,9.5899,-8.7085,-22.3556,-0.372562,8.606385,4.284947,0.049022,-0.027703,-0.257143,0
72.5,8.7158,-9.0281,-20.6094,-0.419222,8.485188,4.814718,-0.021441,-0.18048,-0.286862,0
72.6,8.3967,-8.5442,-18.9275,-0.813919,8.542616,4.721877,-0.051679,-0.109986,-0.122204,0
72.7,8.111,-8.2424,-17.7965,-1.090529,8.425248,4.860421,-0.029688,-0.028253,0.004093,0
72.8,7.9278,-7.9921,-16.9903,-0.932363,8.471071,4.969175,0.022297,0.042241,0.106779,0
72.9,7.4304,-8.6938,-17.3307,-0.552383,8.47466,4.878606,0.019334,0.167896,0.193889,0
73.0,7.3115,-8.932,-18.1017,-0.541017,8.51462,4.758367,-0.019028,0.171103,0.118966,0
73.1,7.1646,-8.7232,-19.2751,-0.474975,8.529934,4.664927,0.015058,0.09447,-0.011729,0
73.2,7.0701,-8.6015,-20.2098,-0.305324,8.367701,4.315216,-0.013714,0.048625,-0.077549,0
73.3,7.0462,-8.8531,-21.0037,-0.915853,8.763833,4.522195,-0.103755,0.09331,-0.038057,0
73.4,6.7751,-9.1829,-21.4279,-0.706481,8.551499,5.011767,-0.035812,0.186314,0.013554,0
73.5,6.446,-9.3723,-21.2966,-0.763669,8.165148,4.830032,-0.018143,0.094501,-0.105527,0
73.6,6.1325,-9.0243,-20.6235,-0.511585,8.480762,5.1009,-0.007025,-0.097005,-0.284571,0
73.7,5.6897,-8.8779,-19.4649,-0.720958,8.744331,4.621737,0.041753,-0.172416,-0.329409,0
73.8,4.9778,-8.5965,-18.0837,-1.154417,8.387561,4.758965,-0.045448,-0.248958,-0.303386,0
73.9,3.7253,-9.1845,-16.9267,-1.010609,8.597053,5.054718,0.096394,-0.361266,-0.328126,0
74.0,2.5822,-9.5415,-15.8255,-1.089332,8.040841,3.534079,0.018937,-0.286557,-0.124433,0
74.1,1.3804,-9.9259,-15.255,-1.352663,8.619186,5.953223,-0.039553,-0.123517,0.081551,0
74.2,0.0393,-10.5912,-15.2068,-1.519801,8.432905,5.072066,-0.0073,-0.031765,0.195446,0
74.3,-1.1651,-11.0218,-15.4177,-0.692722,7.968698,4.854558,0.000122,0.097677,0.247461,0
74.4,-2.2245,-10.7751,-15.8576,-0.571885,8.466046,4.991787,0.052076,0.098319,0.111299,0
74.5,-3.0104,-9.9444,-16.557,-1.06325,9.027282,5.492605,0.019364,-0.013317,-0.025626,0
74.6,-3.2972,-8.9555,-17.3716,-0.441595,8.205587,3.761637,0.065882,-0.070586,-0.088606,0
74.7,-3.1452,-8.0488,-18.2341,-1.075574,8.458179,4.218397,0.080673,-0.068379,-0.099418,0
74.8,-2.6859,-7.6534,-19.1554,-1.032383,8.684511,5.322834,-0.006689,0.00452,0.003329,0
74.9,-2.5072,-7.8447,-19.7493,-0.837249,8.229395,5.130212,-0.159741,0.025412,0.019548,0
75.0,-2.6506,-8.0502,-19.807,-0.804347,8.510552,3.892763,0.075136,-0.012523,-0.083841,0
75.1,-2.9241,-8.726,-19.5149,-0.468036,8.522038,5.574439,-0.043524,-0.134421,-0.195935,0
75.2,-3.4176,-9.2562,-19.1846,-1.060739,8.660702,4.89404,0.032009,-0.251951,-0.281059,0
75.3,-3.9443,-9.6849,-18.4135,-0.995534,8.540582,4.636094,0.054703,-0.261878,-0.197096,0
75.4,-3.8994,-9.3563,-17.3384,-1.222254,8.257272,4.671149,0.017837,-0.225104,-0.062644,0
75.5,-3.9657,-8.9268,-16.9263,-1.094477,8.369974,5.037968,0.043127,-0.177212,0.021838,0
75.6,-3.5756,-8.3594,-17.2838,-1.228116,8.435777,5.478009,0.025412,-0.131764,0.120432,0
75.7,-2.7915,-8.5218,-18.1713,-0.989671,8.352746,4.689933,0.143798,0.033353,0.246789,0
75.8,-1.7837,-8.8562,-19.4799,-1.053919,8.388519,3.858067,-0.008216,0.135215,0.326965,0
75.9,-0.7331,-8.9344,-20.6871,-0.805663,8.371649,5.059265,0.053512,0.197737,0.301126,0
76.0,-0.2178,-8.9073,-22.1101,-0.315853,8.529366,4.48729,-0.010958,0.228807,0.223348,0
76.1,-0.1067,-9.2569,-23.3482,-0.20662,8.276415,4.480919,0.013134,0.213467,0.088545,0
76.2,-0.2048,-9.7148,-23.9845,-0.768814,8.517492,5.021099,-0.057268,0.149845,-0.021258,0
76.3,-0.1186,-10.1273,-23.3493,-0.460858,8.504331,5.525386,-0.084116,0.069975,-0.104702,0
76.4,0.285,-9.369,-22.0027,-0.542692,8.293643,4.6142,0.010201,-0.005284,-0.204212,0
76.5,0.4363,-8.9982,-20.7484,-0.687577,8.682237,5.002914,0.026481,-0.169057,-0.319146,0
76.6,0.9028,-8.4391,-19.6643,-0.954258,8.333962,4.77081,0.065607,-0.195354,-0.254792,0
76.7,1.6787,-8.7248,-18.5918,-0.896112,8.608179,4.599364,0.009957,-0.102747,-0.091538,0
76.8,2.7779,-8.7669,-17.766,-0.811526,8.419266,5.060939,-0.002229,-0.104977,-0.083291,0
76.9,3.8434,-8.5909,-17.4112,-0.965025,8.326664,4.976473,-0.014478,-0.140896,-0.088362,0
77.0,4.6477,-8.6811,-17.4618,-0.905564,8.53819,5.276294,-0.017226,-0.134146,-0.03601,0
77.1,5.0496,-9.3123,-17.6116,-0.603739,8.414211,5.099853,-0.079336,-0.113736,-0.016341,0
77.2,5.2797,-10.0623,-17.782,-0.786401,8.592985,5.04072,0.047251,-0.101373,-0.051771,0
77.3,5.2204,-10.5112,-17.7511,-0.61675,8.444271,3.732564,0.141965,-0.175287,-0.124769,0
77.4,5.0,-10.0765,-18.1923,-0.195853,8.359446,4.705366,-0.022755,-0.16362,-0.088087,0
77.5,4.9629,-10.2781,-18.9785,-1.302533,8.757372,4.417151,-0.018937,-0.084941,-0.026512,0
77.6,4.6485,-10.428,-20.2814,-1.08359,8.014042,5.744569,-0.108673,-0.112277,0.01741,0
77.7,4.7043,-10.2609,-21.2437,-1.373361,8.757013,3.606342,0.135551,-0.063041,0.065424,0
77.8,4.9075,-9.5801,-21.9147,-1.219742,8.505886,4.473861,0.014477,0.102259,0.261206,0
77.9,4.9881,-8.6816,-22.4972,-0.708275,8.411011,4.79079,0.006903,0.181854,0.237932,0
78.0,5.1708,-8.2102,-22.5587,-0.720718,8.323434,5.439364,-0.010354,-0.059956,-0.032162,0
78.1,5.1353,-8.0142,-22.2827,-0.842872,8.753783,4.658347,-0.023763,-0.036896,0.016707,0
78.2,5.2286,-7.5672,-21.6099,-0.733879,8.316255,4.87753,-0.029505,0.052473,0.125685,0
78.3,5.001,-7.4343,-20.7031,-0.733041,8.295796,4.975994,-0.022816,0.062614,0.101495,0
78.4,5.1667,-6.9147,-19.8307,-0.224925,8.442028,4.683502,-0.073571,0.051198,0.082696,0
78.5,5.7754,-7.0283,-19.1095,-0.391705,8.519645,5.068716,-0.069974,0.028314,0.030818,0
78.6,6.0458,-7.2221,-18.8492,-0.616271,8.534002,4.079165,0.053909,0.082955,0.015027,0
78.7,6.4882,-7.2784,-18.5946,-0.669871,8.412686,4.664927,0.001955,0.039278,-0.008033,0
78.8,6.7225,-7.1758,-18.4414,-0.078246,8.659864,4.855875,-0.038546,0.040989,-0.024862,0
78.9,6.71,-7.1665,-18.6313,-0.319442,8.529575,4.395735,0.06298,0.041325,-0.113163,0
79.0,6.6541,-7.1898,-18.8881,-0.741416,8.182137,5.809295,-0.131855,-0.144989,-0.22599,0
79.1,6.4662,-7.2573,-19.3889,-1.103809,8.659266,4.725944,-0.001527,-0.18836,-0.191109,0
79.2,6.71,-6.5296,-19.8141,-1.382932,8.529814,4.487141,0.016249,-0.100976,0.020525,0
79.3,6.7029,-6.0485,-20.4795,-0.95665,8.515338,5.137749,0.025351,-0.024404,0.138544,0
79.4,6.5995,-5.773,-20.9618,-0.919323,8.617033,4.938068,-0.003268,0.040286,0.189551,0
79.5,7.0353,-5.9815,-21.0285,-1.001755,8.179506,4.147958,-0.002444,0.196882,0.308976,0
79.6,7.336,-6.2948,-20.9518,-0.521037,8.313742,5.503612,-0.02758,0.182465,0.220278,0
79.7,7.3178,-7.0306,-20.6311,-0.686441,8.465657,4.97094,0.042226,0.108886,0.08136,0
79.8,7.2089,-7.8835,-20.1568,-0.010887,8.566185,5.045506,0.02813,0.098288,0.067928,0
79.9,7.0267,-8.7664,-19.5638,-0.398525,8.154979,4.468477,0.072326,0.164781,0.032468,0
80.0,6.7885,-9.5917,-18.8872,-0.748834,8.71131,4.768297,0.053787,0.129228,0.013011,0
80.1,6.5117,-10.2724,-18.1618,-0.457747,8.428957,4.608935,-0.019975,0.055283,-0.025259,0
80.2,5.3451,-12.2414,-20.8225,0.049771,8.506245,4.312943,-0.007819,0.103419,-0.045418,0
80.3,5.4904,-11.4867,-19.8302,-0.738545,8.311589,5.470591,-0.002718,0.06127,-0.125258,0
80.4,5.5229,-10.8916,-19.354,-0.811645,8.452167,4.652963,0.081123,-0.068447,-0.191048,0
80.5,5.4718,-10.4366,-19.2767,-0.972084,8.352626,4.800481,-0.044135,-0.1237,-0.141995,0
80.6,5.3666,-10.1021,-19.4812,-0.891805,8.696475,4.50413,-0.021197,-0.042333,-0.009927,0
80.7,5.2367,-9.8688,-19.8503,-0.510269,8.439964,5.023612,-0.07984,-0.046823,-0.006536,0
80.8,5.0802,-9.6318,-20.2437,-0.961316,8.516056,4.671388,-0.084223,-0.092546,-0.021876,0
80.9,5.1235,-9.6622,-20.3252,-0.894317,8.435896,5.416154,-0.101312,-0.017104,0.0821,0
81.0,5.101,-9.6449,-20.4481,-0.917887,8.127581,4.921677,0.047036,0.049999,0.112491,0
81.1,4.9383,-9.5642,-20.4339,-0.895155,8.449296,4.423133,0.026817,0.012187,0.098777,0
81.2,5.1041,-9.4337,-19.9412,-0.411087,8.806305,5.024568,0.046853,0.099418,0.147432,0
81.3,5.3638,-9.3,-19.512,-0.776591,8.212406,4.943093,-0.066615,0.133749,0.148226,0
81.4,5.3731,-9.2527,-19.3684,-0.764148,8.366863,4.065884,0.090316,0.127304,0.085827,0
81.5,4.8738,-9.9276,-19.546,-0.512184,8.515457,4.507599,0.002291,0.057513,0.044502,0
81.6,5.0645,-10.2011,-19.7924,-0.051685,8.148638,5.404788,-0.134818,0.106321,0.032223,0
81.7,4.9906,-10.4768,-20.4326,-0.735075,8.536036,5.412206,-0.022113,0.108001,-0.02138,0
81.8,4.9355,-10.521,-21.1118,-0.687578,8.578868,3.989195,0.084147,0.107573,-0.024618,0
81.9,4.7059,-10.4122,-21.5975,-0.898744,8.505169,5.658068,-0.018692,0.09896,-0.011698,0
82.0,5.1193,-9.7138,-21.3032,-0.68351,8.359445,4.816991,0.066584,0.049113,-0.057391,0
82.1,5.1229,-8.9169,-20.9628,-0.767498,8.673623,4.70405,-0.010721,-0.062339,-0.148501,0
82.2,5.2021,-8.2873,-20.3655,-0.657308,8.454201,4.628317,0.0062,-0.117286,-0.157237,0
82.3,5.3232,-7.4962,-19.4283,-0.814606,8.399406,5.26077,-0.022373,-0.050206,-0.035735,0
82.4,4.9764,-7.4455,-18.7696,-0.761635,8.192307,5.025167,0.028649,-0.045448,-0.036835,0
82.5,4.8341,-7.9694,-18.0168,-0.924826,8.502417,4.84415,0.039554,-0.068356,-0.032284,0
82.6,5.0224,-8.002,-17.5241,-0.56339,8.262895,5.168856,-0.025778,-0.043952,0.034545,0
82.7,4.9694,-8.185,-17.5613,-0.982852,8.529097,4.142574,-0.066035,0.015791,0.07532,0
82.8,5.0887,-7.6881,-17.9266,-1.052124,8.620742,4.752744,-0.043799,0.007208,0.081489,0
82.9,5.1028,-6.6579,-18.4304,-0.507398,8.59466,4.471587,0.005406,0.097891,0.123914,0
83.0,5.7364,-4.69,-18.6027,-0.494836,8.185248,5.105685,-0.028619,0.18329,0.103969,0
83.1,5.9182,-2.921,-19.2043,-0.516132,8.355617,5.24076,-0.013714,-0.081367,-0.170431,0
83.2,5.8496,-1.1221,-20.2369,-0.851725,8.488299,4.702016,-0.020617,-0.187505,-0.1777,0
83.3,6.0007,0.7992,-21.1906,-1.277169,8.569416,4.24726,0.008216,-0.014539,0.071074,0
83.4,5.6506,1.9164,-22.1587,-0.881396,8.582337,4.969653,-0.001283,0.099968,0.16869,0
83.5,5.539,2.8371,-22.8053,-0.877687,8.467721,5.046822,-0.045204,0.124372,0.148593,0
83.6,5.1274,3.5388,-23.402,-0.730648,8.575039,3.89049,0.008064,0.015394,0.018937,0
83.7,4.7445,3.449,-23.9617,-0.406032,8.436195,5.832056,-0.029207,-0.067806,-0.048106,0
83.8,4.4875,3.1557,-24.1028,-0.555972,8.344371,4.659424,0.02416,-0.0011,0.014355,0
83.9,4.4641,2.738,-23.9676,-0.796092,8.250452,5.021458,0.045357,0.034117,0.048869,0
84.0,4.8011,1.9996,-23.716,-0.549751,8.579944,5.046343,-0.008888,-0.022908,0.023396,0
84.1,5.2092,1.1416,-23.642,-0.412283,8.233583,4.193781,-0.162551,-0.005742,0.045845,0
84.2,5.2715,0.8995,-24.0632,-0.526301,8.780941,4.65416,-0.022266,0.065057,0.075136,0
84.3,5.0028,0.7617,-24.4337,-0.220738,8.447382,4.302415,-0.082039,0.131702,0.095295,0
84.4,4.1999,0.7345,-24.6286,-0.703131,8.158209,5.502535,-0.032467,0.130206,-0.001527,0
84.5,3.0795,0.9077,-24.8601,-0.789153,8.517252,5.038806,-0.021472,0.040531,-0.052779,0
84.6,1.6549,0.7137,-24.692,-0.379741,8.40814,4.14054,-0.017746,0.02251,-0.070097,0
84.7,0.5946,-0.0846,-24.0344,-0.850409,8.4481,5.285267,-0.020922,-0.043738,-0.130053,0
84.8,-0.5248,-0.5968,-23.0185,-0.950429,8.593703,4.601757,0.004184,-0.02306,-0.062797,0
84.9,-1.6338,-1.5827,-22.2238,-0.681835,8.271031,5.163951,-0.01463,-0.003787,-0.026725,0
85.0,-2.3289,-2.8959,-21.6725,-0.752393,8.575577,4.535296,0.119195,-0.026878,-0.078229,0
85.1,-2.5556,-4.0188,-20.9224,-0.573919,8.431709,5.143372,-0.027031,-0.077671,-0.073548,0
85.2,-2.5035,-4.8024,-20.6733,-0.697986,8.423932,4.725944,-0.012034,-0.041569,-0.028863,0
85.3,-0.8473,-6.0743,-20.6358,-0.679083,8.273543,5.277609,-0.007789,-0.035766,-0.043677,0
85.4,2.9289,-7.4736,-20.5251,-0.587079,8.346285,4.883272,-0.033628,-0.09279,-0.065118,0
85.5,7.0331,-9.0565,-20.9255,-1.471586,8.199605,4.826443,-0.055039,0.013775,0.050458,0
85.6,11.9173,-10.4675,-20.7882,-0.912025,8.175438,5.220421,0.00394,0.177792,0.203082,0
85.7,16.3468,-11.2441,-20.3492,0.233539,8.143134,5.43745,-0.01744,0.07645,-0.017287,0
85.8,19.3013,-11.5692,-19.759,0.170967,8.205468,4.360201,0.000336,-0.17877,-0.348651,0
85.9,20.6713,-11.916,-19.104,-1.394657,8.661061,5.701498,-0.0343,-0.186741,-0.294529,0
86.0,20.684,-12.0024,-18.0717,-1.389871,8.222576,4.849055,0.105069,-0.115087,-0.129351,0
86.1,19.7317,-11.4777,-16.6257,-0.585284,8.229036,5.192306,-0.013897,-0.066981,-0.032834,0
86.2,18.5939,-11.0047,-15.6017,-1.023979,8.519196,4.885097,0.04906,-0.090179,-0.098158,0
86.3,18.0874,-11.0205,-14.8657,-0.688535,8.121599,4.783252,0.02419,-0.195141,-0.173699,0
86.4,18.1108,-10.927,-14.2374,-0.914896,8.413763,5.439006,0.059682,-0.212367,-0.17431,0
86.5,18.0696,-10.9119,-14.3082,-1.009891,8.182736,4.824289,0.060353,-0.212031,-0.118233,0
86.6,18.4265,-10.7508,-14.1059,-1.004746,8.619545,5.415077,-0.012553,-0.178983,-0.041691,0
86.7,18.1495,-10.671,-14.0785,-1.256591,8.312187,4.76411,0.007269,-0.08268,0.068111,0
86.8,17.7364,-10.9617,-14.1438,-1.038724,8.348319,5.512824,-0.010293,-0.085338,0.080451,0
86.9,17.2845,-11.4316,-14.3533,-1.222852,8.569894,4.703332,0.028497,-0.074464,0.088453,0
87.0,17.9164,-11.5571,-14.934,-1.12367,7.900383,4.806223,0.011942,-0.012065,0.166675,0
87.1,19.6574,-10.8594,-15.869,-1.111346,8.179625,5.40742,0.021961,0.148471,0.298682,0
87.2,21.9354,-10.1599,-17.1249,-0.77013,8.439725,5.396772,-0.005406,0.132191,0.216246,0
87.3,24.0679,-9.2707,-18.5087,-0.56327,8.298907,4.780142,0.035552,0.048045,0.097647,0
87.4,25.9752,-7.9608,-19.7565,-0.727119,8.170892,4.80733,-0.031803,0.038408,0.10442,0
87.5,27.6923,-6.7496,-20.7475,-0.683151,8.356335,4.819982,-0.048289,0.171347,0.208274,0
87.6,28.5143,-5.7624,-21.334,-0.581695,8.399765,5.644669,-0.049908,0.288389,0.246698,0
87.7,28.2526,-4.97,-21.7209,-0.167857,8.21145,4.862933,0.043585,0.261206,0.106718,0
87.8,27.3691,-4.2654,-21.8537,-0.061256,8.009735,4.861378,-0.023274,0.082894,-0.114781,0
87.9,26.0951,-4.06,-22.105,-0.230788,8.269595,5.159524,-0.036805,-0.084635,-0.274675,0
88.0,25.2219,-4.1039,-22.4034,-0.645225,8.703892,5.072066,0.005223,-0.0686,-0.213589,0
88.1,24.3805,-4.0655,-22.5811,-0.701097,8.142775,4.925865,-0.086407,-0.026053,-0.12144,0
88.2,23.5455,-4.0243,-22.5093,-0.328295,8.132726,5.269235,-0.041753,-0.091019,-0.183931,0
88.3,22.6984,-4.0348,-22.1044,-0.447458,8.365667,5.121119,-0.021869,-0.330814,-0.404331,0
88.4,21.8284,-4.1261,-21.3273,-1.060618,8.38804,4.853961,0.026084,-0.340985,-0.315298,0
88.5,21.019,-4.267,-19.9408,-1.510828,8.460184,4.947161,0.082344,-0.143859,-0.03992,0
88.6,19.9347,-4.6293,-18.3597,-0.853281,8.243394,5.471668,0.037721,-0.060476,0.071746,0
88.7,18.7459,-4.9903,-16.8396,-1.090978,8.377422,5.164758,0.023976,-0.051924,0.074487,0
88.8,17.7317,-4.9951,-15.5129,-1.14353,8.257631,4.758248,0.02981,-0.018021,0.106168,0
88.9,16.2672,-5.4708,-14.6743,-1.09005,8.42465,5.415077,0.064019,0.06014,0.161574,0
89.0,15.9171,-6.2008,-14.645,-0.84335,8.217432,4.502814,0.036316,0.055283,0.149479,0
89.1,16.6585,-6.492,-15.348,-0.902214,8.353583,4.814957,0.002352,0.03375,0.128373,0
89.2,18.1102,-6.6489,-16.4859,-0.957847,8.211808,5.670272,-0.102472,0.200608,0.281914,0
89.3,19.9757,-6.6979,-17.7867,-0.721556,8.2879,4.910551,-0.021839,0.240986,0.261328,0
89.4,21.9462,-6.6792,-18.9448,-0.499861,8.458867,4.744728,-0.001038,0.161207,0.10962,0
89.5,23.7002,-6.6468,-19.6206,-0.459063,8.402756,5.550631,-0.038576,0.117744,0.051832,0
89.6,24.6827,-6.757,-20.0543,-0.739263,9.718808,9.798968,0.136864,0.152044,0.025992,0
89.7,24.9708,-6.7774,-20.1234,-0.273081,7.698309,0.884596,0.436463,0.354378,0.195591,0
89.8,24.5472,-6.6673,-19.7813,0.365005,7.132805,4.076771,0.156051,0.198684,-0.086692,0
89.9,23.2784,-6.8373,-19.2918,-0.456431,8.378319,5.588587,0.041157,-0.343383,-0.612621,0
90.0,22.7627,-6.9045,-19.0608,-0.974677,9.042278,4.37069,0.057727,-0.475151,-0.571388,0
90.1,22.2469,-6.9717,-18.8298,-1.524228,8.889486,6.013911,-0.236023,-0.244804,-0.192002,0
90.2,21.7312,-7.0389,-18.5988,-0.262971,7.085626,5.767301,-0.23106,-0.301798,-0.222905,0
90.3,21.2154,-7.1062,-18.3679,-1.702254,8.438768,4.379583,-0.023732,-0.271713,-0.213619,0
90.4,20.6996,-7.1734,-18.1369,-0.761037,8.67123,4.319165,0.046212,-0.314198,-0.177578,0
90.5,20.1839,-7.2406,-17.9059,-1.303849,8.14146,5.355496,-0.017532,-0.096578,0.028772,0
90.6,19.6681,-7.3078,-17.6749,-1.022573,8.151151,5.289215,0.007697,-0.072143,0.027367,0
90.7,19.1524,-7.375,-17.4439,-0.874696,8.318648,4.793422,-0.003085,-0.198592,-0.105283,0
90.8,18.8301,-7.1629,-17.0721,-1.238286,8.589874,4.202036,0.013928,-0.238329,-0.125838,0
90.9,18.2966,-7.5434,-16.9151,-1.240559,8.040363,4.074139,-0.008949,-0.112643,0.016035,0
91.0,17.6403,-7.8688,-16.8678,-1.131686,7.939625,4.331607,-0.070769,-0.132802,0.028039,0
91.1,16.8103,-8.027,-16.814,-1.241875,8.33133,4.957211,-0.135154,-0.066523,0.105221,0
91.2,15.6048,-8.6468,-16.8376,-0.99027,7.849176,3.645944,-0.254456,-0.096333,0.109162,0
91.3,14.1385,-9.0161,-16.7955,-0.409771,9.596714,8.710772,-0.111826,-0.060896,0.08136,0
91.4,12.917,-9.1276,-16.6362,-1.160758,8.098269,5.145765,0.012126,0.079687,0.207663,0
91.5,11.1374,-9.0445,-16.5495,-0.553101,8.083673,4.941777,0.127304,0.030757,0.110261,0
91.6,9.6523,-8.3346,-16.4552,-0.523908,8.121958,5.568816,0.185153,0.023763,0.067714,0
91.7,8.642,-7.6765,-17.1807,-0.8534,7.905168,4.262694,0.315237,-0.037446,0.005651,0
91.8,8.4357,-7.0131,-18.2557,-1.864487,10.724751,3.757689,0.065912,0.022144,0.17147,0
91.9,8.2604,-7.0134,-19.6176,-0.719881,7.805028,4.985207,-0.080268,0.508759,0.650968,0
92.0,8.5725,-7.1747,-20.856,-0.399482,8.175557,4.477689,-0.033964,0.521312,0.465479,0
92.1,9.1975,-7.6454,-22.0897,0.150628,8.288977,4.814958,-0.086956,0.059009,-0.015821,0
92.2,9.2936,-8.6928,-23.3342,-0.604906,8.461619,5.546922,-0.082222,0.051985,-0.034086,0
92.3,9.6348,-9.3401,-24.056,-1.001875,8.389475,5.564628,-0.071807,0.282189,0.239215,0
92.4,10.2896,-9.5043,-24.3234,0.17324,7.888777,5.292804,-0.045173,0.153938,0.088392,0
92.5,10.2901,-9.5113,-24.9846,-0.72335,8.425487,4.112903,0.010904,-0.026115,-0.098319,0
92.6,10.5631,-9.2034,-25.498,-0.971965,8.477651,5.238966,-0.014875,0.380477,0.363984,0
92.7,10.8961,-9.0928,-26.3785,0.120957,8.579944,5.301538,-0.009102,0.532674,0.354393,0
92.8,11.3214,-8.6652,-26.7559,0.331765,7.919166,5.203552,0.040012,0.19624,-0.097708,0
92.9,11.0846,-8.3964,-26.6277,-0.345165,8.104191,5.540581,0.066966,-0.01928,-0.325782,0
93.0,11.3091,-8.5048,-26.3205,-0.337268,8.221379,4.290451,0.066218,-0.174677,-0.384692,0
93.1,11.6718,-8.6065,-26.2608,-0.71689,8.397491,5.48734,0.052748,-0.167133,-0.290924,0
93.2,11.5594,-9.1929,-26.4191,-1.186481,8.41795,5.145047,-0.073456,0.009988,-0.041019,0
93.3,11.965,-9.4391,-26.3974,-0.877807,8.476813,4.798447,-0.092118,0.158764,0.118294,0
93.4,12.4628,-9.2647,-26.4677,-0.558724,8.297352,5.066084,0.004368,0.235244,0.092332,0
93.5,13.2,-9.319,-26.8224,-0.415992,8.08128,4.657749,-0.010629,0.015577,-0.175074,0
93.6,14.0904,-8.9551,-27.068,-0.469591,8.238847,5.478128,0.036988,-0.150303,-0.349201,0
93.7,15.1668,-8.2513,-27.0131,-0.647976,8.226764,5.815277,0.028008,-0.254884,-0.418809,0
93.8,16.3918,-7.5602,-26.5732,-0.816551,8.379306,5.045865,0.071685,-0.303508,-0.418717,0
93.9,17.6722,-6.8087,-25.6753,-1.107039,8.376913,4.866762,0.06295,-0.274095,-0.337992,0
94.0,18.9561,-5.8402,-25.2567,-1.120559,8.445707,5.129255,0.026512,-0.048289,-0.116125,1
94.1,19.7062,-4.6192,-24.8368,-1.232304,7.967022,5.200082,0.074556,-0.104855,-0.225806,1
94.2,19.4187,-3.6067,-24.21,-0.376421,8.370692,5.656632,0.13229,-0.507361,-0.643393,1
94.3,18.4835,-2.293,-23.4226,-1.072224,8.565348,4.766264,0.080848,-0.557994,-0.616821,1
94.4,17.4707,-0.9579,-22.3362,-1.777149,8.294361,5.635696,0.114751,-0.498252,-0.471588,1
94.5,16.587,0.027,-21.0067,-1.787798,8.357053,4.772604,0.159222,-0.421802,-0.339916,1
94.6,15.4724,0.593,-19.8619,-1.714099,8.412207,4.431867,0.155495,-0.337503,-0.231793,1
94.7,14.5802,0.2355,-18.3279,-0.801715,8.088338,5.35083,0.019609,-0.408485,-0.317863,1
94.8,14.07,-1.1154,-16.6956,-1.004387,8.254281,5.180341,0.080176,-0.626167,-0.574458,1
94.9,14.1756,-2.3452,-14.7459,-1.801437,8.500024,5.338986,0.150792,-0.717003,-0.62464,1
95.0,14.0352,-3.8897,-13.4307,-1.977189,8.405986,5.765746,0.166033,-0.559583,-0.352438,1
95.1,14.0178,-4.7455,-12.0163,-1.460579,7.842117,5.122435,0.230113,-0.454422,-0.244835,1
95.2,13.5562,-5.3098,-11.1035,-1.797608,8.459586,5.57073,0.266948,-0.504483,-0.312427,1
95.3,13.109,-5.4278,-11.049,-2.254039,8.513543,5.106044,0.300546,-0.446481,-0.198317,1
95.4,13.1963,-5.1471,-11.3302,-2.134846,7.81795,4.096812,0.223538,-0.376331,-0.054176,1
95.5,13.2591,-5.0748,-12.2369,-1.593859,8.28479,4.836971,0.180358,-0.273301,0.039034,1
95.6,12.9657,-5.3626,-13.5592,-1.310429,8.396534,4.80419,0.014905,-0.253326,0.043005,1
95.7,12.5232,-5.5794,-14.5575,-1.417149,7.879565,4.946323,-0.004001,-0.262519,-0.031643,1
95.8,12.1343,-6.409,-15.5767,-1.472304,7.662775,5.321877,-0.069516,-0.27944,-0.045723,1
95.9,12.1939,-6.8543,-16.2699,-1.904089,8.588439,4.763871,0.007728,-0.264321,-0.023366,1
96.0,11.972,-7.5059,-16.9133,-1.338066,7.452446,5.897949,0.040867,-0.189673,0.061453,1
96.1,11.9156,-7.5257,-17.1835,-1.187318,8.206903,5.015236,0.094257,-0.005498,0.170737,1
96.2,11.5917,-7.1384,-17.5403,-0.765464,8.35143,5.016553,0.062247,0.004887,0.103144,1
96.3,11.3335,-6.8385,-17.698,-1.042433,8.060223,5.099942,0.061331,-0.125685,-0.094898,1
96.4,11.058,-6.8268,-17.4159,-1.391905,8.429436,5.278208,0.054214,-0.158458,-0.108337,1
96.5,10.6346,-6.9252,-16.9483,-0.604188,8.328339,4.578906,0.035094,-0.118324,-0.104091,1
96.6,10.2524,-6.8063,-16.2088,-0.771207,8.364949,5.21408,0.051923,-0.28335,-0.314931,1
96.7,10.0299,-6.7738,-15.0421,-1.135753,8.474062,5.14086,0.026939,-0.379683,-0.330814,1
96.8,9.9343,-7.2231,-14.0223,-1.429233,8.316135,4.982455,0.069974,-0.311694,-0.214994,1
96.9,9.927,-7.0737,-13.234,-0.998555,8.21142,5.209773,0.048526,-0.270652,-0.135726,1
97.0,9.4181,-6.86,-12.6808,-0.561596,8.279884,5.365306,0.0697,-0.342176,-0.231121,1
97.1,8.4889,-6.3042,-12.3982,-0.954497,8.333723,5.486982,0.108734,-0.397551,-0.277424,1
97.2,7.8507,-5.551,-12.7947,-1.698306,8.142297,5.208577,0.126021,-0.26704,-0.082375,1
97.3,7.4983,-5.04,-13.8026,-1.655474,8.075417,5.016433,0.090744,-0.290497,-0.022632,1
97.4,6.9263,-4.8195,-15.5463,-1.826202,8.324152,4.55067,0.151067,-0.28616,0.058979,1
97.5,6.392,-4.5975,-17.7199,-1.828954,8.469276,5.120521,0.036316,0.089431,0.501429,1
97.6,6.3152,-5.1502,-19.8544,-0.996012,8.13775,5.075177,-0.070494,0.476077,0.749226,1
97.7,6.3833,-6.1882,-21.6252,-0.409053,8.002436,5.059863,0.019334,0.406255,0.462394,1
97.8,6.5031,-6.9327,-23.1062,-0.414557,8.151988,5.274379,-0.072235,0.0956,0.058612,1
97.9,6.6585,-6.4498,-23.987,-0.771805,9.505368,8.807741,0.002169,0.006903,-0.04722,1
98.0,6.7541,-4.9248,-24.3336,-0.929253,8.449296,2.537349,0.423054,0.1248,0.061331,0
98.1,7.1111,-2.8478,-24.184,-0.865484,7.489056,3.703013,0.094592,0.082405,0.061453,0
98.2,7.6324,-0.6489,-24.1771,-0.552862,8.027322,5.440441,-0.065057,0.05452,0.079107,0
98.3,8.2104,0.8271,-24.391,-1.225723,9.267881,1.35709,-0.044349,0.118813,0.174524,0
98.4,8.69,1.3275,-24.8003,-0.399003,7.26775,6.81102,-0.491822,0.198874,0.274469,0
98.5,8.9026,1.3228,-24.9555,0.066042,6.615796,4.292844,-0.492571,0.246392,0.199509,0
98.6,8.8639,1.013,-25.2565,-0.121914,8.653523,6.827561,-0.146333,0.135734,-0.077427,0
98.7,8.7815,-0.4176,-24.6506,-0.650848,8.566903,6.099305,0.22434,-0.005376,-0.208885,0
98.8,8.6429,-1.3644,-23.9316,0.318365,8.015357,5.273183,0.105221,0.005681,-0.158733,0
98.9,8.0534,-1.5252,-22.9235,-0.362274,7.174041,5.631867,0.264291,0.137414,-0.127915,0
99.0,7.3703,-1.408,-21.7916,-0.85998,10.174521,3.05731,0.349598,-0.017349,-0.305158,0
99.1,6.741,-2.2475,-20.5025,-0.962154,8.418668,5.701977,-0.00171,-0.202838,-0.338755,0
99.2,5.606,-3.2868,-19.9024,-1.581656,8.139067,5.510671,0.00562,-0.162734,-0.212062,0
99.3,4.85,-4.9371,-19.4642,-0.439801,8.900582,4.3474,0.075839,-0.181518,-0.175043,0
99.4,4.3688,-6.4553,-19.2857,-0.676451,8.482198,5.152704,0.035522,-0.131214,-0.165544,0
99.5,3.8049,-6.9707,-19.3987,-1.767339,8.259067,4.833263,0.073334,-0.132374,-0.136773,0
99.6,3.3782,-6.8447,-20.0245,-1.437488,8.413912,5.349454,0.068073,-0.197118,-0.099571,0
99.7,3.2028,-6.6882,-20.1413,-1.142214,8.599685,4.646383,0.132649,-0.148135,-0.034208,0
99.8,2.9624,-5.4572,-20.6261,-1.298465,8.618469,4.820461,0.058979,-0.126693,0.035247,0
99.9,2.6336,-4.2594,-21.1714,-1.481755,8.272825,4.404708,0.062766,-0.09783,0.075136,0
100.0,2.1549,-3.4403,-21.735,-1.61025,8.784052,4.448497,-0.007239,-0.071196,0.191017,0
100.1,1.4647,-3.3454,-22.2745,-1.444547,8.344012,4.763033,0.0146,0.054367,0.327393,0
100.2,0.5016,-4.3206,-22.7476,-0.646301,8.425966,4.529733,0.063499,0.19004,0.383043,0
