Timestamp,AccX,AccY,AccZ,GyroX,GyroY,GyroZ,Label
0.0,-1.034746,8.453693,4.610072,0.020808,-0.066241,-0.024282,0.0
0.1,-1.00032,8.846744,4.077489,-0.016921,-0.061606,-0.025778,0.0
0.2,-0.718804,8.450851,4.431268,0.064049,0.01011,0.003787,0.0
0.3,-0.443151,8.600761,4.653681,-0.011362,0.07028,-0.002932,0.0
0.4,-0.367777,8.364949,5.004828,-0.016799,-0.195782,-0.334937,0.0
0.5,-1.199881,8.617512,4.667918,0.09725,-0.374735,-0.477116,0.0
0.6,-1.193181,8.4012,4.839962,0.041447,-0.47675,-0.457507,0.0
0.7,-1.122114,8.531968,4.857071,0.062186,-0.648219,-0.484171,0.0
0.8,-1.916651,8.782736,4.909235,0.142545,-0.557475,-0.27663,0.0
0.9,-2.359622,8.101649,3.750152,0.158863,-0.227165,0.162795,0.0
1.0,-1.814717,8.620622,4.695675,-0.149509,0.048839,0.543364,0.0
1.1,-1.430789,8.230233,4.475655,0.085185,0.420153,0.728945,0.0
1.2,-0.183051,7.985567,5.111548,-0.07028,0.428735,0.581818,0.0
1.3,-0.280319,8.322836,5.131767,-0.023885,0.058124,0.059162,0.0
1.4,-0.619023,8.228797,4.357928,0.009255,-0.115118,-0.065149,0.0
1.5,-1.931008,9.250174,4.167579,0.004306,0.134604,0.248317,0.0
1.6,-0.847658,8.372845,4.557131,-0.080726,0.458209,0.568929,0.0
1.7,-0.479522,8.360881,4.841278,-0.05284,0.606833,0.5364,0.0
1.8,0.170609,8.176036,4.929932,-0.073945,0.550878,0.309159,0.0
1.9,0.085663,8.027441,4.285306,-0.042974,0.4127,0.018967,0.0
2.0,-0.207458,8.313264,5.201279,-0.048686,0.1029,-0.329531,0.0
2.1,0.47007,8.623852,4.743292,0.049816,-0.202105,-0.619112,0.0
2.2,0.09018,8.262118,4.902296,0.02894,-0.336739,-0.712154,0.0
2.3,-1.045903,8.509356,5.348078,0.050366,-0.485973,-0.767093,0.0
2.4,-1.116013,8.714541,5.016194,0.059162,-0.542326,-0.611934,0.0
2.5,-1.614677,8.347482,5.261578,0.050213,-0.392206,-0.313587,0.0
2.6,-1.562752,8.249615,5.054718,0.058857,-0.335701,-0.156901,0.0
2.7,-1.092204,8.405747,4.753462,0.138544,-0.271224,-0.077091,0.0
2.8,-1.731207,8.286584,4.885545,0.062553,-0.196851,0.056994,0.0
2.9,-1.42361,8.156056,4.490251,0.009957,-0.004856,0.269452,0.0
3.0,-1.007618,8.21791,5.381937,0.023885,0.013928,0.20238,0.0
3.1,-0.569133,8.232386,5.589873,-0.002688,-0.090347,0.074312,0.0
3.2,-1.258146,8.464012,5.074459,-0.017593,-0.044563,0.098471,0.0
3.3,-1.542623,10.086495,9.715757,0.310014,0.121028,0.228998,0.0
3.4,-2.137987,7.528179,2.915654,0.276691,0.335426,0.464929,0.0
3.5,0.055753,7.637411,4.867001,-0.025168,0.118111,0.277638,0.0
3.6,-0.35007,7.867242,1.904328,0.031857,0.103267,0.099693,0.0
3.7,-0.682194,8.82808,4.11063,-0.390129,0.018479,0.070249,0.0
3.8,-0.962992,6.186284,6.525945,-0.403568,0.196546,0.194377,0.0
3.9,-0.142133,8.042037,3.833302,-0.492265,0.232495,0.260564,0.0
4.0,0.427358,9.36144,8.300462,-0.302439,0.256075,0.123028,0.0
4.1,-0.084347,6.972924,5.68427,0.051862,0.083322,-0.204762,0.0
4.2,0.29336,7.986046,5.684748,0.189887,0.006414,-0.350239,0.0
4.3,-0.452124,8.145049,4.458307,0.411203,-0.146516,-0.506621,0.0
4.4,-1.857668,10.037054,4.426004,0.211054,-0.421649,-0.610895,0.0
4.5,-1.080808,8.16476,5.578866,0.048984,-0.360563,-0.289588,0.0
4.6,-1.391426,8.615478,4.605825,0.073334,-0.15742,-0.046976,0.0
4.7,-1.35374,8.606624,4.601518,0.051221,-0.102137,0.039798,0.0
4.8,-1.26676,8.422855,4.899902,0.012064,-0.002993,0.134085,0.0
4.9,-1.225843,8.188119,5.171009,0.028649,-0.027459,0.102595,0.0
5.0,-0.876491,8.562836,4.7141,0.052565,-0.122204,0.016982,0.0
5.1,-1.539542,8.655079,4.672345,0.037294,-0.086774,0.101984,0.0
5.2,-1.337707,8.524191,4.602116,0.069822,0.167774,0.350881,0.0
5.3,-1.206222,8.560323,4.351707,-0.029199,0.244193,0.356745,0.0
5.4,-0.696431,8.565348,4.886263,-0.011362,0.147677,0.206472,0.0
5.5,-0.351266,8.549675,4.539543,0.049663,0.093523,0.104183,0.0
5.6,-0.394816,8.515458,4.92084,-0.023641,0.170828,0.136772,0.0
5.7,-0.933799,8.301749,4.948806,-0.007788,0.292413,0.210481,0.0
5.8,-0.398166,8.393064,3.760799,-0.015852,0.250485,0.117072,0.0
5.9,-0.226002,8.421061,5.933602,-0.087445,0.135704,-0.065882,0.0
6.0,-0.735673,8.343055,4.700341,-0.017196,-0.039981,-0.2204,0.0
6.1,-0.881755,8.602676,4.920959,-0.014508,-0.008063,-0.110902,0.0
6.2,-0.537787,8.353703,4.588357,-0.022663,0.062064,-0.038301,0.0
6.3,-0.453201,8.375238,4.510231,-0.011851,0.089095,-0.053145,0.0
6.4,-0.964068,8.187761,5.338866,-0.0416,0.018265,-0.135887,0.0
6.5,-0.799801,8.415079,5.153303,-0.028161,-0.157084,-0.265482,0.0
6.6,-1.358046,8.318767,5.463413,-0.008033,-0.137261,-0.130236,0.0
6.7,-1.319881,8.562955,4.321199,0.043463,-0.030177,0.023396,0.0
6.8,-0.781975,8.206066,5.16431,0.057574,0.042486,0.070463,0.0
6.9,-0.68031,8.462217,5.005486,0.027184,-0.030467,-0.033903,0.0
7.0,-1.11362,8.427043,4.676413,0.052137,-0.11637,-0.103328,0.0
7.1,-1.270589,8.211689,5.396892,0.028833,-0.069089,0.013744,0.0
7.2,-1.188754,8.275936,4.849892,0.0135,-0.04667,0.090774,0.0
7.3,-0.777069,8.40802,5.103412,0.015577,0.061545,0.161971,0.0
7.4,-0.814756,8.222695,5.198288,0.008674,0.146088,0.197401,0.0
7.5,-0.645225,8.380742,4.948955,0.019884,0.143034,0.131977,0.0
7.6,-0.854118,8.331449,4.935316,-0.005987,0.091935,0.038515,0.0
7.7,-0.588036,8.489735,4.931129,-0.004215,0.064935,0.009285,0.0
7.8,-0.396251,8.258349,4.469194,-0.011026,0.100029,-0.015883,0.0
7.9,-0.879063,8.274231,5.416004,-0.003741,0.055512,-0.086895,0.0
8.0,-1.04351,8.312307,5.375835,0.024679,-0.046456,-0.1518,0.0
8.1,-0.929851,8.425248,4.661458,0.020342,-0.075228,-0.117469,0.0
8.2,-1.272743,8.312307,5.021697,0.021686,-0.053176,-0.059987,0.0
8.3,-1.162314,8.561639,5.187161,-0.025839,-0.028222,0.034514,0.0
8.4,-0.601197,8.268399,4.522554,0.00785,0.020922,0.048777,0.0
8.5,-0.405823,8.447621,4.825845,0.028008,0.019028,-0.018906,0.0
8.6,-0.703251,8.402038,5.088337,0.006872,0.007941,-0.086071,0.0
8.7,-0.768216,8.505408,5.570611,0.032529,-0.139827,-0.222538,0.0
8.8,-1.380659,8.130213,4.02401,0.136712,-0.14224,-0.166888,0.0
8.9,-1.384487,8.277372,5.372725,-0.081,-0.01234,0.077183,0.0
9.0,-0.594377,8.300582,5.050052,-0.061972,0.035858,0.060598,0.0
9.1,-0.744916,8.527572,4.96391,0.039859,-0.068952,-0.111941,0.0
9.2,-0.816072,8.516534,4.938786,0.010782,-0.117592,-0.137139,0.0
9.3,-0.940978,8.358967,4.956971,-0.007025,-0.050213,-0.077427,0.0
9.4,-1.074377,8.335159,4.685625,0.062644,-0.142881,-0.172783,0.0
9.5,-1.221177,8.454082,5.208098,0.103725,-0.263741,-0.214383,0.0
9.6,-1.808256,8.540104,4.277051,0.043707,-0.17825,-0.011912,0.0
9.7,-1.564427,8.270791,5.355974,-0.003085,0.027245,0.249294,0.0
9.8,-0.77013,8.366744,4.932086,0.011912,0.160474,0.309342,0.0
9.9,-0.205543,8.266604,5.207739,-0.008644,-0.080115,-0.024252,0.0
10.0,-1.155973,8.628399,4.025565,0.017471,-0.158336,-0.081612,0.0
10.1,-1.747718,8.380502,5.176752,-0.049511,0.043463,0.208519,0.0
10.2,-1.017189,8.428478,4.914738,0.026725,0.171989,0.298224,0.0
10.3,-0.502343,8.231459,5.201099,-0.036003,0.154854,0.258778,0.0
10.4,-0.765942,8.268757,4.660979,-0.001863,0.354332,0.350881,0.0
10.5,-0.447338,8.133443,5.400242,-0.019609,0.387227,0.268475,0.0
10.6,-0.083869,8.335517,4.554857,0.011331,0.211939,-0.019578,0.0
10.7,-0.257109,8.475976,5.092644,-0.003115,0.05568,-0.205159,0.0
10.8,-0.46672,8.627202,4.852883,-0.000764,-0.110567,-0.334235,0.0
10.9,-0.641995,8.619545,4.920601,0.004307,-0.127823,-0.279684,0.0
11.0,-0.527498,8.299864,4.691847,0.034972,-0.037965,-0.206961,0.0
11.1,-0.980698,8.2812,4.559763,-0.00058,-0.146944,-0.298041,0.0
11.2,-0.983689,8.69468,5.257629,-0.020953,-0.258335,-0.314901,0.0
11.3,-1.333042,8.306325,5.001358,0.01799,-0.143584,-0.145477,0.0
11.4,-1.08335,8.330313,4.909773,-0.01741,-0.171958,-0.141224,0.0
11.5,-0.938824,8.185846,4.047579,0.180633,-0.245415,-0.23558,0.0
11.6,-1.405783,8.8014,5.41065,0.006842,-0.239703,-0.16869,0.0
11.7,-1.474816,8.518688,4.901099,0.088576,-0.213314,-0.091691,0.0
11.8,-1.331247,8.229994,5.031149,0.029993,-0.225562,-0.045051,0.0
11.9,-1.286142,8.553742,5.290292,0.032956,-0.188299,0.006903,0.0
12.0,-1.244627,8.270791,4.625685,0.006628,-0.128831,0.090286,0.0
12.1,-1.198684,8.511749,4.659304,0.041783,-0.111514,0.101709,0.0
12.2,-1.288296,8.386245,4.665286,0.01011,0.022205,0.22828,0.0
12.3,-1.057508,8.247581,4.719005,0.03934,0.320276,0.454086,0.0
12.4,-0.466481,8.012845,5.310391,-0.055375,0.166613,0.193614,0.0
12.5,-0.333559,8.982656,4.440002,-0.02361,-0.186253,-0.187261,0.0
12.6,-1.128814,8.29801,4.519144,-0.105451,-0.026916,0.024434,0.0
12.7,-0.929253,8.524909,4.780381,-0.022663,0.21762,0.22376,0.0
12.8,-0.271944,8.284789,5.042036,-0.036469,0.092119,0.029994,0.0
12.9,-0.529891,8.4414,4.459982,0.024099,-0.166216,-0.218628,0.0
13.0,-1.640041,8.571091,4.570052,-0.026909,0.082772,0.104916,0.0
13.1,-0.878286,8.442835,5.105805,-0.05623,0.293276,0.292451,0.0
13.2,-0.093679,8.43793,4.591827,0.041631,0.111574,0.011912,0.0
13.3,-0.681596,8.525388,4.57747,0.023121,-0.010843,-0.132955,0.0
13.4,-0.78329,8.439725,4.782415,-0.002443,-0.00113,-0.108337,0.0
13.5,-0.272423,8.31805,4.682634,-0.020128,-0.121562,-0.218751,0.0
13.6,-0.954377,8.799007,4.855396,0.098074,-0.245201,-0.322903,0.0
13.7,-1.328136,8.628279,4.856233,0.023304,-0.12932,-0.092515,0.0
13.8,-0.740429,8.366504,4.650899,-0.043982,-0.07151,-0.008781,0.0
13.9,-0.913939,8.347242,4.822495,0.024251,-0.118202,-0.085979,0.0
14.0,-1.227518,8.165866,4.954339,-0.152655,-0.136162,-0.010965,0.0
14.1,-1.254796,8.518089,4.848576,0.000367,0.009346,0.111513,0.0
14.2,-0.966461,8.290173,4.731209,0.034239,-0.014936,0.078313,0.0
14.3,-1.325026,8.546803,4.971926,0.005253,-0.01912,0.100182,0.0
14.4,-0.675973,8.610453,4.478407,-0.017012,0.090713,0.206594,0.0
14.5,-0.697747,8.497272,4.396572,-0.054184,0.23503,0.261786,0.0
14.6,-0.56339,8.258468,5.02397,-0.004306,0.149876,0.084757,0.0
14.7,-0.78664,8.492845,4.590391,0.019578,-0.071349,-0.130145,0.0
14.8,-1.629393,8.66142,4.701896,-0.02978,0.031337,0.057513,0.0
14.9,-1.024846,8.45121,4.452325,0.005864,0.108337,0.173608,0.0
15.0,-1.102942,8.225328,5.476722,-0.044975,0.24698,0.29375,0.0
15.1,-0.440997,8.265049,5.290292,-0.037629,0.365297,0.336739,0.0
15.2,-0.222413,7.999206,4.890212,-0.035339,0.372475,0.190712,0.0
15.3,0.152782,8.436614,5.031627,0.058276,0.117744,-0.158764,0.0
15.4,0.312862,8.137391,5.344609,-0.022327,-0.157206,-0.45036,0.0
15.5,-0.826481,8.506245,5.645147,0.024465,-0.46328,-0.681084,0.0
15.6,-1.771885,8.672068,3.965027,0.085613,-0.409646,-0.416091,0.0
15.7,-1.293081,8.778788,4.802874,-0.000855,0.082803,0.170706,0.0
15.8,-0.371127,8.22784,4.464528,0.0354,0.226173,0.145844,0.0
15.9,-0.654676,8.231908,5.152585,0.030604,-0.123547,-0.290313,0.0
16.0,-1.111945,8.508399,4.863891,0.041936,-0.415755,-0.481972,0.0
16.1,-1.402642,8.603394,5.082206,0.058414,-0.304134,-0.280196,0.0
16.2,-1.273699,8.415916,4.888896,0.050946,-0.255494,-0.181946,0.0
16.3,-1.057149,8.389715,4.531288,0.024129,-0.276233,-0.171134,0.0
16.4,-1.267239,8.478488,5.39749,0.056475,-0.197676,-0.097311,0.0
16.5,-1.23685,8.38146,4.857789,0.072693,-0.188085,-0.089492,0.0
16.6,-1.395614,8.334441,4.89404,0.073792,-0.202593,-0.094012,0.0
16.7,-1.586202,8.507681,4.597569,0.039004,-0.182068,-0.031459,0.0
16.8,-1.767698,8.548957,4.238167,0.036133,-0.009743,0.153846,0.0
16.9,-0.777188,8.394261,5.241837,-0.049633,0.122295,0.244102,0.0
17.0,-0.286181,8.237771,5.166104,-0.024557,-0.163559,-0.155435,1.0
17.1,-1.591586,8.615837,4.680959,0.016921,-0.270979,-0.25189,1.0
17.2,-2.19039,8.276893,4.03083,0.073884,-0.043646,0.063805,1.0
17.3,-1.16028,8.427043,4.654279,-0.047312,0.195171,0.299599,1.0
17.4,-1.119991,8.355288,5.181358,-0.075022,0.145615,0.159359,1.0
17.5,-0.794776,8.20463,4.811488,-0.015394,-0.019884,-0.066401,1.0
17.6,-0.64666,8.506724,4.771168,-0.001924,-0.10626,-0.184542,1.0
17.7,-0.741894,8.439485,4.516214,0.035613,-0.005254,-0.130053,1.0
17.8,-0.830788,8.410891,4.739225,-0.013042,-0.126541,-0.2817,1.0
17.9,-0.310828,8.465209,4.931727,0.062705,-0.423573,-0.604237,1.0
18.0,-0.981775,8.765508,4.889374,0.047251,-0.598128,-0.71291,1.0
18.1,-1.517767,8.305846,5.066204,0.119516,-0.628183,-0.654083,1.0
18.2,-1.463211,8.839206,4.582375,0.226203,-0.621616,-0.561904,1.0
18.3,-1.671626,8.524311,4.674259,0.200333,-0.336495,-0.230388,1.0
18.4,-2.145165,7.915816,4.932684,0.16475,-0.302897,-0.195507,1.0
18.5,-1.719094,8.520991,5.693123,0.08911,-0.605482,-0.383203,1.0
18.6,-1.818545,9.581101,8.390193,0.835358,-0.445442,-0.213681,1.0
18.7,-3.374239,7.932686,0.965025,0.458912,0.112643,0.294895,1.0
18.8,0.60993,6.966105,3.45033,-0.100701,-0.186833,-0.112857,1.0
18.9,-2.291128,7.583692,2.694199,-0.142851,-0.76074,-0.54538,1.0
19.0,-2.290051,10.626525,0.991107,-0.337381,-0.521526,-0.075503,1.0
19.1,-3.547001,8.127701,11.746965,-0.325255,0.059712,0.390159,1.0
19.2,1.034776,6.1742,5.345805,-0.293459,0.250791,0.485424,1.0
19.3,-1.082872,7.937711,5.020381,0.018265,-0.180755,-0.281395,1.0
19.4,-1.719243,7.660263,5.028995,0.270216,-0.538935,-0.549137,1.0
19.5,-2.093361,11.164911,-1.884467,0.998489,-0.267528,-0.232434,1.0
19.6,-0.69344,6.939664,9.250772,-0.461173,-0.077274,-0.133871,1.0
19.7,-0.85005,7.982217,5.058906,-0.269147,-0.405187,-0.379164,1.0
19.8,-1.487438,8.643922,4.987839,-0.029054,-0.497969,-0.503162,1.0
19.9,-2.058306,8.470234,5.293761,0.033536,-0.498435,-0.408852,1.0
20.0,-1.274178,8.334082,5.247699,0.139796,-0.488264,-0.364869,1.0
20.1,-1.483789,8.165746,4.908038,0.159344,-0.503505,-0.356226,1.0
20.2,-1.71673,8.35801,5.21755,0.134787,-0.474275,-0.278554,1.0
20.3,-2.057827,8.232746,4.055954,0.190529,-0.340007,-0.13271,1.0
20.4,-1.325743,8.811809,5.552306,0.0832,-0.193736,0.004093,1.0
20.5,-1.365584,8.042397,5.058068,0.1164,-0.249783,-0.145661,1.0
20.6,-0.74692,8.542856,5.061418,0.147982,-0.389457,-0.331547,1.0
20.7,-0.989432,8.131888,4.606303,0.043799,-0.512852,-0.45595,1.0
20.8,-1.921197,8.629715,4.802754,0.133352,-0.5302,-0.444862,1.0
20.9,-2.303241,8.274231,5.136493,0.113048,-0.543097,-0.337961,1.0
21.0,-1.875853,8.112147,5.656633,0.139094,-0.48579,-0.21872,1.0
21.1,-2.189911,8.151031,4.375994,0.183168,-0.45656,-0.133535,1.0
21.2,-2.146601,8.444271,5.226762,0.18271,-0.368749,0.018754,1.0
21.3,-1.723072,8.330851,5.126623,0.19001,-0.282464,0.116003,1.0
21.4,-1.821417,8.388159,4.518367,0.107726,-0.20861,0.198928,1.0
21.5,-1.594098,8.356933,4.987001,0.003665,-0.07706,0.330417,1.0
21.6,-1.370968,8.392227,4.179543,0.131977,0.027489,0.317925,1.0
21.7,-0.7401,8.268758,5.092525,0.04383,-0.02642,0.219819,1.0
21.8,-0.887498,8.725188,5.309314,0.00562,0.155159,0.312488,1.0
21.9,-0.805424,8.028518,4.436532,-0.005925,0.297644,0.321254,1.0
22.0,-0.634218,8.41783,5.403592,0.065332,0.089003,0.006353,0.0
22.1,-1.094717,8.366385,4.659543,0.020067,-0.08937,-0.124311,0.0
22.2,-0.969093,8.867801,4.043122,0.045395,-0.045166,-0.052992,0.0
22.3,-0.544487,8.656873,5.007939,0.01912,-0.075075,-0.088453,0.0
22.4,-0.857827,8.800682,4.091966,0.012553,-0.19004,-0.172081,0.0
22.5,-1.378984,8.643713,4.425286,0.077366,-0.104366,-0.027397,0.0
22.6,-2.067758,8.651849,4.16722,0.05174,0.211329,0.331516,0.0
22.7,-1.406621,8.393543,4.858866,-0.047403,0.415144,0.516211,0.0
22.8,-0.52678,8.693244,4.548397,-0.034728,0.301034,0.243827,0.0
22.9,-0.134118,8.252965,3.932843,0.048808,0.059559,-0.077885,0.0
23.0,-0.59342,8.511868,5.29089,-0.017715,-0.008949,-0.14728,0.0
23.1,-1.101177,8.959924,4.909833,-0.002138,-0.050305,-0.154579,0.0
23.2,-0.662692,9.403434,5.736673,0.070219,-0.206808,-0.23219,0.0
23.3,-0.741775,8.513424,4.615515,0.124189,-0.264901,-0.254853,0.0
23.4,-1.255036,8.457133,3.391228,0.387326,-0.117133,-0.017562,0.0
23.5,-1.661576,8.812287,3.97412,0.061697,0.150181,0.310686,0.0
23.6,-1.252523,8.593583,3.468636,-0.021411,0.284388,0.425865,0.0
23.7,-0.497707,8.044431,4.942974,-0.236466,0.174524,0.251401,0.0
23.8,-0.891805,7.784689,3.879603,-0.292268,0.195141,0.242238,0.0
23.9,-0.594497,7.829435,4.269753,-0.329409,0.272598,0.278646,0.0
24.0,-0.374955,8.009615,4.512265,-0.316275,0.285946,0.206503,0.0
24.1,-0.474018,9.305328,6.055038,-0.190376,0.246087,0.070952,0.0
24.2,-0.521994,8.613563,5.681638,0.158733,0.294437,0.050182,0.0
24.3,0.041037,8.185248,5.974998,0.154518,0.249508,-0.073181,0.0
24.4,-0.291446,8.249017,2.781417,0.324675,0.029871,-0.389793,0.0
24.5,-0.724547,10.187562,4.139344,0.239887,-0.344436,-0.635299,0.0
24.6,-1.047219,8.41783,3.971248,0.040134,-0.318352,-0.428491,0.0
24.7,-1.550908,8.329296,5.529813,0.053084,-0.115331,-0.136192,0.0
24.8,-1.289731,8.346764,3.94711,-0.04108,-0.15306,-0.080787,0.0
24.9,-1.043989,8.791828,5.2142,-0.001985,-0.202593,-0.128893,0.0
25.0,-0.518644,8.23789,4.774279,0.087476,-0.219728,-0.162521,0.0
25.1,-1.482234,8.531849,4.870949,0.023579,-0.222141,-0.123914,0.0
25.2,-1.913182,8.475617,4.418227,0.068722,-0.16695,0.02755,0.0
25.3,-1.395973,8.84148,4.734558,0.092729,0.061697,0.27266,0.0
25.4,-1.161356,8.133444,4.388317,0.074556,0.160077,0.290802,0.0
25.5,-0.680399,8.266843,3.419822,-0.097433,-0.009957,0.090988,0.0
25.6,-0.914537,8.957531,5.474419,-0.010446,-0.003024,-0.008827,0.0
25.7,-1.471347,8.539984,4.407101,-0.06747,0.044593,0.089736,0.0
25.8,-1.476252,8.07135,4.727021,-0.090408,0.15348,0.215483,0.0
25.9,-0.638285,8.470143,4.048806,0.001565,0.088232,0.109956,0.0
26.0,-0.428196,8.561639,5.043352,-0.082436,-0.033567,-0.044838,0.0
26.1,-0.980459,8.640243,5.165266,0.00504,-0.048839,-0.073395,0.0
26.2,-1.065763,8.410053,3.997689,-0.040073,-0.007361,0.000244,0.0
26.3,-1.213879,8.527063,4.989514,0.069853,0.031184,0.040989,0.0
26.4,-0.796331,8.977751,5.277729,0.049083,-0.039279,-0.000427,0.0
26.5,-0.703011,8.075657,3.502734,0.019334,-0.035308,0.023121,0.0
26.6,-0.74345,8.639765,5.771369,-0.016768,0.026267,0.083719,0.0
26.7,-1.238046,8.256674,4.769733,0.065088,0.162032,0.170248,0.0
26.8,-0.846341,8.559486,3.955815,0.039554,0.126602,0.162979,0.0
26.9,-0.522592,7.975158,5.122435,-0.314382,0.114995,0.104091,0.0
27.0,-0.21685,8.787791,4.428965,-0.063378,0.106252,0.032109,0.0
27.1,-0.363589,8.882277,5.236812,0.076847,0.065179,-0.098349,0.0
27.2,-0.511346,8.503135,2.955973,-0.029718,0.050732,-0.105557,0.0
27.3,-1.175354,8.494161,5.453123,0.009316,0.082436,-0.078679,0.0
27.4,-0.947797,8.171849,4.705366,-0.023579,0.009499,-0.109039,0.0
27.5,-0.878525,8.599326,4.375635,0.015516,-0.122417,-0.238665,0.0
27.6,-1.139701,8.704012,4.981857,0.032315,-0.209282,-0.239795,0.0
27.7,-1.171526,8.199007,4.856832,0.047586,-0.18161,-0.136253,0.0
27.8,-1.51346,8.654241,3.975675,0.075136,-0.127213,0.001619,0.0
27.9,-1.107757,8.813604,4.445865,-0.032193,0.070097,0.226112,0.0
28.0,-1.364507,8.026724,5.066922,-0.026817,0.133016,0.216063,0.0
28.1,-0.522832,8.3348,5.029713,-0.040592,-0.063316,0.027611,0.0
28.2,-0.882802,8.462666,4.546363,0.058834,0.074602,0.122058,0.0
28.3,-0.336192,8.258707,5.259185,0.041814,0.157786,0.117866,0.0
28.4,-0.536112,8.47143,4.458427,-0.017929,-0.044227,-0.129839,0.0
28.5,-1.3401,8.650892,4.528537,0.045662,-0.009744,-0.043463,0.0
28.6,-0.510509,8.733564,4.731807,-0.009804,0.148807,0.101709,0.0
28.7,-0.49687,8.372845,4.675695,-0.035461,0.091874,-0.053573,0.0
28.8,-0.599641,8.368778,5.535556,0.019395,-0.108551,-0.258915,0.0
28.9,-1.037408,8.299266,4.41751,0.006017,-0.202044,-0.274309,0.0
29.0,-1.516571,8.783812,4.174279,-0.005406,-0.172417,-0.166399,0.0
29.1,-1.472663,8.442357,4.322395,0.034514,-0.116034,-0.020158,0.0
29.2,-0.849691,8.424769,5.252485,-0.033292,-0.027886,0.085124,0.0
29.3,-1.289133,8.444869,4.61408,0.037446,-0.027367,0.05119,0.0
29.4,-1.225723,8.640931,4.294368,-0.006796,-0.050931,0.063377,0.0
29.5,-0.80359,8.25125,5.074778,0.015246,-0.003538,0.091375,0.0
29.6,-0.774527,8.561669,5.512764,-0.013363,0.08995,0.14321,0.0
29.7,-0.720359,8.344251,4.13396,0.00507,0.072174,0.062247,0.0
29.8,-0.584686,8.535916,5.031388,-0.009255,0.003971,-0.041936,0.0
29.9,-0.409053,8.603992,4.378267,0.066829,0.007147,-0.07761,0.0
30.0,-0.772762,8.599207,3.920161,-0.000366,-0.061911,-0.15632,0.0
30.1,-1.105604,8.715019,4.731089,-0.042302,-0.080481,-0.135704,0.0
30.2,-1.40351,8.45456,4.816991,-0.017562,-0.015608,-0.013072,0.0
30.3,-1.212324,8.546684,4.439883,0.017929,-0.073212,-0.043524,0.0
30.4,-1.247498,8.608777,4.221777,0.030146,-0.219117,-0.104702,0.0
30.5,-1.074138,8.556973,5.004947,0.106107,-0.17037,0.012187,0.0
30.6,-0.981656,8.470742,3.979264,0.00504,-0.085063,0.151189,0.0
30.7,-0.725743,8.450373,4.099025,0.029902,0.049022,0.231426,0.0
30.8,-0.423171,8.265647,5.516533,0.01515,0.123028,0.189704,0.0
30.9,-0.527617,8.391988,5.433023,-0.011912,0.067134,0.107238,0.0
31.0,-0.619622,8.485547,4.566582,-0.046334,-0.035461,0.036713,0.0
31.1,-0.325065,8.637132,5.28754,-0.038362,0.027214,0.057146,0.0
31.2,-0.175035,8.425248,4.613003,0.019945,0.081245,0.071746,0.0
31.3,0.215593,8.240283,4.351228,0.044135,0.106291,0.001405,0.0
31.4,-0.202433,8.813005,4.87095,0.020769,0.090958,-0.127609,0.0
31.5,-1.636571,8.226285,5.624449,-0.022297,0.005712,-0.136742,0.0
31.6,-1.394298,8.345567,4.288656,0.002657,0.100121,0.069822,0.0
31.7,-0.969213,8.600044,5.002674,-0.068356,0.106748,0.063041,0.0
31.8,0.178146,8.375238,5.125546,-0.050488,-0.033353,-0.153571,0.0
31.9,-0.477667,8.632258,3.623481,0.089606,-0.157718,-0.28871,0.0
32.0,-1.052483,8.600522,5.655197,-0.013195,-0.134451,-0.142576,0.0
32.1,-0.944567,8.120522,4.818307,0.009133,-0.034514,-0.006995,0.0
32.2,-0.828156,8.396773,5.274618,0.07645,-0.04047,-0.018082,0.0
32.3,-0.707318,8.72794,4.324309,-0.005895,-0.083413,-0.028894,0.0
32.4,-0.887737,8.334919,4.893681,0.000549,-0.057269,0.003574,0.0
32.5,-0.917887,8.467003,4.339623,0.023121,0.000153,0.052229,0.0
32.6,-0.084347,8.609735,5.30094,0.082772,0.049663,0.027061,0.0
32.7,-1.015155,8.300343,4.997291,-0.053542,0.012736,-0.052259,0.0
32.8,-1.689452,8.365069,4.661338,-0.017013,-0.025412,-0.021319,0.0
32.9,-1.54023,8.588738,4.824678,0.010232,-0.040241,0.039821,0.0
33.0,-0.619143,8.5614,5.124709,-0.023885,-0.020311,0.10067,0.0
33.1,-0.4733,8.605428,4.175595,0.063194,0.015027,0.052504,0.0
33.2,-0.841197,8.533284,4.901817,-0.032223,0.025992,0.009835,0.0
33.3,-0.458465,8.283354,4.882196,0.042333,-0.028191,-0.044471,0.0
33.4,-0.575474,8.732128,6.124429,0.047037,-0.035369,-0.055192,0.0
33.5,-0.887977,8.691569,4.049135,0.10513,-0.028039,-0.043096,0.0
33.6,-0.771566,8.178668,3.80076,0.108428,-0.021594,-0.03204,0.0
33.7,-0.965504,8.639765,4.476492,0.134391,0.002535,0.031093,0.0
33.8,-0.585165,8.43123,3.810211,0.001619,0.001069,0.027061,0.0
33.9,-0.509432,8.289097,6.035775,-0.061422,0.025778,0.027855,0.0
34.0,-0.887378,8.172446,4.337111,0.024618,0.033078,-0.035094,0.0
34.1,-0.691376,8.363663,5.203193,0.033178,-0.119844,-0.17108,0.0
34.2,-0.951745,8.541659,4.149633,-0.029383,-0.21817,-0.178892,0.0
34.3,-1.239722,8.475976,5.306084,-0.100182,-0.156137,0.013073,0.0
34.4,-1.266042,8.618229,4.285426,-0.007178,-0.020128,0.165514,0.0
34.5,-0.901975,8.179625,4.466682,0.006109,-0.02419,0.16081,0.0
34.6,-0.847179,8.695039,4.916174,-0.01295,-0.01521,0.186344,0.0
34.7,-0.437169,8.129136,5.172325,-0.003085,0.128312,0.278402,0.0
34.8,-0.300897,8.105687,5.591428,-0.088362,0.239062,0.28842,0.0
34.9,-0.332842,8.632706,4.300501,0.00565,0.182679,0.085277,0.0
35.0,-0.454875,8.271629,4.860062,0.005681,0.11976,0.014172,0.0
35.1,-0.269312,8.670632,5.138826,-0.004429,0.152808,0.017562,0.0
35.2,0.031705,8.528767,4.884648,0.017753,0.152067,-0.052038,0.0
35.3,-0.590309,8.195896,5.040959,0.090286,0.109864,-0.161421,0.0
35.4,-1.058824,8.187282,5.092644,0.084299,-0.006017,-0.17483,0.0
35.5,-1.211965,8.632586,4.664449,-0.02978,0.038943,-0.042944,0.0
35.6,-0.674298,8.332526,4.679643,0.03711,0.097341,0.018906,0.0
35.7,-0.498425,8.671948,4.748796,0.071899,-0.057452,-0.158947,0.0
35.8,-0.778265,8.503015,4.321198,0.020739,-0.178189,-0.207877,0.0
35.9,-1.057867,8.333842,6.220501,-0.025778,-0.080604,-0.006017,0.0
36.0,-1.262453,8.344969,4.158486,0.017593,0.045296,0.130572,0.0
36.1,-0.341336,8.303812,5.230351,0.086193,0.132191,0.140713,0.0
36.2,-0.402144,8.351998,5.006682,-0.063759,0.063377,0.024854,0.0
36.3,-0.914896,8.776156,4.588596,-0.013958,-0.012614,-0.064294,0.0
36.4,-0.72347,8.472267,3.482634,0.060201,-0.013958,-0.056413,0.0
36.5,-0.343849,8.282995,4.888537,-0.111575,0.025381,-0.017288,0.0
36.6,-1.555095,8.373563,5.881917,0.02642,0.018295,-0.075747,0.0
36.7,-0.970409,8.15438,4.149394,-0.09557,-0.100182,-0.033872,0.0
36.8,-1.228595,8.220542,4.508915,0.071013,-0.00058,0.039798,0.0
36.9,-0.905683,8.993663,5.236931,-0.109436,0.069303,0.130664,0.0
37.0,-0.364666,8.298189,4.871906,-0.009132,0.087598,0.061942,0.0
37.1,-0.73352,8.140981,5.385885,-0.000122,0.010751,-0.068539,0.0
37.2,-0.511586,8.5949,4.758248,0.071318,-0.087323,-0.159772,0.0
37.3,-0.763311,8.579705,5.156413,0.054795,-0.030299,-0.097067,0.0
37.4,-0.817149,7.980811,4.627719,-0.003016,0.005689,-0.04444,0.0
37.5,-1.00355,8.377272,5.212046,-0.067745,-0.055528,-0.094195,0.0
37.6,-0.980698,8.892088,5.185845,-0.061239,-0.104397,-0.112766,0.0
37.7,-0.718804,8.449176,3.859623,0.051435,-0.073426,-0.103816,0.0
37.8,-0.475693,8.112506,5.621697,-0.062247,-0.086896,-0.12874,0.0
37.9,-0.990987,8.257631,5.206782,0.047648,-0.185489,-0.220003,0.0
38.0,-1.22034,8.05448,4.65069,-0.00785,-0.289336,-0.219911,0.0
38.1,-1.849532,8.830832,5.021339,-0.058948,-0.285213,-0.054397,0.0
38.2,-1.381137,8.643115,4.376233,0.056291,-0.10513,0.173394,0.0
38.3,-1.058585,8.383015,4.370849,0.043707,-0.078252,0.160352,0.0
38.4,-1.058944,8.505886,4.934359,0.045357,-0.118874,0.16869,0.0
38.5,-0.627278,8.269356,5.51091,0.051038,0.100457,0.36322,0.0
38.6,-0.086441,7.951798,4.352993,-0.025695,0.174898,0.326316,0.0
38.7,-0.17324,8.420821,5.198288,-0.028924,0.062583,0.099541,0.0
38.8,-0.735075,8.685587,5.106164,0.080573,0.062675,0.07981,0.0
38.9,-0.862852,8.48148,4.700939,0.049174,0.119791,0.183443,0.0
39.0,0.03003,8.590114,3.842036,0.037232,0.307998,0.283991,0.0
39.1,-0.157328,8.416515,5.243512,-0.002169,0.33115,0.104488,0.0
39.2,-0.491725,8.319246,4.907918,0.157114,0.142148,-0.128587,0.0
39.3,-1.107877,8.218269,4.959963,0.032681,0.023641,-0.144103,0.0
39.4,-1.125584,8.422735,4.557968,0.008063,0.065943,-0.022724,0.0
39.5,-0.320758,8.506843,4.720561,-0.051588,0.072785,0.055161,0.0
39.6,-0.224925,8.116096,4.571009,0.052656,0.035858,-0.081092,0.0
39.7,-1.049851,8.817193,4.873462,-0.038118,-0.052259,-0.099754,0.0
39.8,-0.792922,8.291729,5.106583,0.011759,0.032948,0.044937,0.0
39.9,-0.518166,8.400722,5.7143,-0.000153,0.066096,0.058429,0.0
40.0,-0.777787,8.723872,4.651528,-0.004704,0.087476,0.038454,0.0
40.1,-0.760319,8.343174,4.481637,-0.054947,0.132741,0.07703,0.0
40.2,-1.052363,8.284072,5.062734,0.047128,0.186497,0.078007,0.0
40.3,-0.64343,8.59478,4.540979,0.038332,0.172111,0.033476,0.0
40.4,0.413719,8.499187,4.825964,-0.016707,0.088484,-0.121318,0.0
40.5,-0.795853,8.132486,4.490012,0.023763,-0.065118,-0.346299,0.0
40.6,-1.110988,8.587841,5.278806,-0.012309,-0.196057,-0.337686,0.0
40.7,-1.301576,8.53448,5.200322,0.062094,-0.063163,-0.109406,0.0
40.8,-0.657667,8.077332,4.592784,-0.112704,-0.104275,-0.082436,0.0
40.9,-0.879482,8.807382,4.72068,-0.025351,-0.186986,-0.210229,0.0
41.0,-1.092324,8.469994,4.830361,-0.047228,-0.19414,-0.183603,0.0
41.1,-1.204786,8.21803,4.832904,0.011301,-0.172539,-0.123242,0.0
41.2,-0.880918,8.304052,5.159285,0.020097,-0.228799,-0.114537,0.0
41.3,-0.956531,8.412686,5.297829,0.047861,-0.201066,-0.071624,0.0
41.4,-0.685903,8.492008,5.206543,0.045723,-0.180358,-0.035705,0.0
41.5,-1.371685,8.399406,4.391428,-0.019181,-0.212886,-0.030451,0.0
41.6,-1.755614,8.687143,4.473621,0.121104,-0.063835,0.145966,0.0
41.7,-1.229432,8.669196,4.989394,0.046701,0.153327,0.366274,0.0
41.8,-0.29348,8.185607,5.180222,0.007514,0.151342,0.221927,0.0
41.9,-0.778146,8.328339,4.69065,-0.093859,0.06182,0.061178,0.0
42.0,-1.307678,8.354301,4.641837,0.065271,0.074281,0.044776,0.0
42.1,-0.945883,8.177352,4.834339,-0.020708,0.057543,0.077488,0.0
42.2,-0.312862,8.319246,5.048856,-0.051694,0.047151,0.049251,0.0
42.3,-0.654198,8.673623,5.112505,-0.010324,0.0405,-0.02419,0.0
42.4,-0.954258,8.406465,4.277051,-0.017776,0.014416,-0.042058,0.0
42.5,-0.933799,8.31135,5.109514,0.03146,-0.051679,-0.055406,0.0
42.6,-0.063888,8.276056,5.475974,0.013622,-0.086926,-0.080237,0.0
42.7,-0.81009,8.672188,4.61085,0.028466,-0.086804,-0.091599,0.0
42.8,-0.864766,8.162875,4.817231,-0.003574,-0.024007,-0.001252,0.0
42.9,-1.100818,8.640004,4.781099,-0.064507,0.028925,0.064935,0.0
43.0,-0.655394,8.289455,4.913183,-0.040011,0.047342,0.058796,0.0
43.1,-0.289173,8.560921,4.746882,-0.022052,-0.049572,-0.074892,0.0
43.2,-0.619143,8.501101,4.788277,0.070036,-0.0073,-0.093065,0.0
43.3,-1.322035,8.308598,4.664808,0.017746,-0.0146,-0.048197,0.0
43.4,-0.882204,8.386544,5.24073,0.004925,-0.044975,-0.035316,0.0
43.5,-1.410689,8.329296,5.054838,-0.037477,-0.040928,0.015027,0.0
43.6,-1.735514,8.370333,4.692445,-0.012339,-0.041783,0.114995,0.0
43.7,-0.968375,8.396535,5.177949,-0.003299,0.082344,0.260014,0.0
43.8,-0.631346,8.425846,5.308836,0.030452,0.157848,0.244743,0.0
43.9,-0.645464,8.173523,4.629274,-0.02135,0.131427,0.179411,0.0
44.0,-0.825643,8.333484,5.592146,0.055711,0.159497,0.157053,0.0
44.1,-0.691406,8.514859,4.90074,0.023763,0.17935,0.157756,0.0
44.2,-0.575713,8.146843,5.106284,-0.075075,0.118843,0.097097,0.0
44.3,-0.443629,8.519405,5.040601,-0.002779,0.129809,0.066584,0.0
44.4,-0.459422,8.287541,4.906722,0.007788,0.134268,0.034667,0.0
44.5,-0.675075,8.088638,4.661069,-0.03207,0.126029,0.032376,0.0
44.6,-0.492802,8.491649,5.091448,-0.012187,0.163284,0.048747,0.0
44.7,-0.454278,8.242915,5.100661,-0.064721,0.137811,-0.00226,0.0
44.8,-0.338226,8.517013,5.196014,0.054733,0.112979,-0.071257,0.0
44.9,-0.376391,8.12459,4.90062,0.05733,0.078282,-0.148013,0.0
45.0,0.006461,8.165029,5.077809,0.009927,-0.068845,-0.293734,0.0
45.1,-0.426281,8.316136,4.936154,0.062003,-0.299965,-0.502711,0.0
45.2,-1.095674,8.456235,5.032345,0.008338,-0.428094,-0.481484,0.0
45.3,-1.292483,8.528858,4.926224,0.052443,-0.325683,-0.233625,0.0
45.4,-1.328854,8.346405,5.081518,-0.00672,-0.080206,0.062766,0.0
45.5,-1.149033,8.345448,5.537111,0.071104,-0.094653,0.021258,0.0
45.6,-1.38006,8.677332,5.196134,0.130908,-0.206564,-0.034086,0.0
45.7,-1.426721,8.141429,3.848257,0.065057,-0.154091,0.077809,0.0
45.8,-0.792503,8.686904,4.416193,0.011209,-0.038882,0.213955,0.0
45.9,-1.067079,8.333603,5.333243,0.052718,0.264077,0.419817,0.0
46.0,-0.743689,8.303573,3.976154,-0.055528,0.177853,0.282189,0.0
46.1,-0.117248,8.387801,5.438288,-0.054856,0.181641,0.185856,0.0
46.2,-0.501655,8.552905,4.968816,-0.047464,0.218842,0.145172,0.0
46.3,-0.153499,8.495717,4.459384,-0.04215,0.153816,0.016585,0.0
46.4,0.105165,8.439725,4.736353,-0.002413,0.075472,-0.133138,0.0
46.5,0.092961,8.641081,4.822495,0.079932,0.080115,-0.21307,0.0
46.6,-0.08662,8.196375,4.617789,-0.037232,-0.094562,-0.413617,0.0
46.7,-1.078684,8.474899,5.273901,0.037171,-0.221988,-0.511874,0.0
46.8,-2.20693,8.462965,4.46052,-0.002863,-0.163788,-0.309632,0.0
46.9,-1.312224,8.599446,4.835895,0.010385,-0.073915,-0.178433,0.0
47.0,-0.072503,7.953982,5.541777,0.018021,-0.361601,-0.491013,0.0
47.1,-0.585643,8.585209,5.454559,0.157695,-0.792078,-0.906065,0.0
47.2,-2.276651,8.432546,4.708716,0.182527,-0.82592,-0.740338,0.0
47.3,-2.510789,8.5279,5.40395,0.228219,-0.630016,-0.335395,0.0
47.4,-2.196611,8.330253,4.595775,0.232617,-0.503108,-0.093493,0.0
47.5,-2.155096,8.433623,4.735396,0.206014,-0.456408,0.046976,0.0
47.6,-2.414239,8.392227,4.127739,0.147157,-0.205862,0.364747,0.0
47.7,-2.167778,8.209176,4.840441,0.135795,0.207266,0.7579,0.0
47.8,-1.207418,8.460662,5.014758,0.03937,0.504941,0.90408,0.0
47.9,-0.589352,8.21133,4.549952,0.011118,0.552161,0.73145,0.0
48.0,-0.377348,8.215158,4.879444,-0.063102,0.54651,0.560346,0.0
48.1,0.279242,8.564869,4.430431,-0.058368,0.349445,0.222263,0.0
48.2,0.112582,8.46461,4.286502,0.039095,0.161299,-0.058154,0.0
48.3,0.111266,8.480014,4.639982,-0.035736,0.085483,-0.136566,0.0
48.4,0.052881,8.799486,5.042634,0.05287,0.105771,-0.170401,0.0
48.5,-0.649532,8.474301,4.726543,-0.014019,0.013989,-0.237413,0.0
48.6,-0.734596,8.401679,4.541577,-0.032743,-0.160199,-0.347552,0.0
48.7,-0.898744,8.721719,4.392145,0.082222,-0.175899,-0.303478,0.0
48.8,-1.037528,8.732247,4.84415,0.0624,-0.081642,-0.142057,0.0
48.9,-0.513739,8.682596,4.011567,0.086498,-0.012553,-0.089431,0.0
49.0,-0.594736,8.426923,4.832425,0.062186,-0.109253,-0.232831,0.0
49.1,-1.607618,8.620143,4.216153,0.070891,-0.251463,-0.31484,0.0
49.2,-1.82692,8.750194,4.618028,0.018387,-0.253662,-0.159405,0.0
49.3,-1.33675,9.034341,4.575316,0.067562,-0.139705,0.000367,0.0
49.4,-1.309323,8.34781,4.03744,0.066432,-0.149547,-0.010423,0.0
49.5,-0.909273,8.607701,4.498507,0.085246,-0.25021,-0.088209,0.0
49.6,-1.543012,8.855478,4.207899,0.058673,-0.097738,0.09053,0.0
49.7,-1.462015,8.719326,4.15059,-0.006048,0.288939,0.46499,0.0
49.8,-0.329372,8.408858,4.020899,-0.043524,0.465296,0.451062,0.0
49.9,-0.418026,8.457312,4.907919,0.047953,0.224096,0.028925,0.0
50.0,-0.676451,8.501938,4.198806,-0.028436,0.011515,-0.177639,1.0
50.1,-0.448894,8.843633,4.607141,-0.061911,0.110139,-0.106657,1.0
50.2,0.511705,9.103255,7.002476,0.100151,-0.301554,-0.635788,1.0
50.3,-0.164147,8.601719,3.268835,0.206778,-0.857838,-1.172677,1.0
50.4,-2.340061,8.698867,3.862255,0.287168,-0.730564,-0.890366,1.0
50.5,-2.672185,8.319994,3.485446,0.19269,-0.325094,-0.257212,1.0
50.6,-1.691845,8.622896,3.875655,0.150578,-0.282098,-0.228555,1.0
50.7,-2.17352,8.773404,4.609414,-0.0146,-0.4335,-0.306257,1.0
50.8,-1.34357,8.03785,4.601159,-0.093096,-0.450849,-0.316581,1.0
50.9,-1.621377,7.735637,4.038846,-0.090011,-0.516547,-0.400666,1.0
51.0,-1.071745,7.832067,5.27414,-0.096852,-0.697363,-0.55998,1.0
51.1,-2.437688,8.832626,6.175875,0.057299,-0.892595,-0.758297,1.0
51.2,-3.018067,8.816833,5.763233,0.363923,-0.74608,-0.512149,1.0
51.3,-2.62373,7.618508,3.605984,0.281456,-0.401704,0.007666,1.0
51.4,-2.059144,8.699585,4.140062,0.367496,-0.056566,0.246453,1.0
51.5,-1.195574,8.710951,4.30397,0.326263,-0.115148,0.03488,1.0
51.6,-0.505364,8.156175,5.380621,0.069791,-0.534446,-0.436005,1.0
51.7,-1.14362,7.912317,6.078816,0.146035,-0.829134,-0.733725,1.0
51.8,-3.155894,8.677212,3.674658,0.301889,-0.742017,-0.506559,1.0
51.9,-2.622414,8.32798,5.537231,0.077946,-0.176357,0.231671,1.0
52.0,-1.709193,8.048498,4.587639,0.202441,0.053573,0.274981,1.0
52.1,-0.855913,8.509117,4.375755,0.171897,-0.229166,-0.142576,1.0
52.2,-1.199761,8.383135,4.426363,0.168476,-0.436463,-0.401705,1.0
52.3,-1.405185,8.722796,5.215635,0.101129,-0.569754,-0.471191,1.0
52.4,-1.739582,8.450971,4.914858,0.013775,-0.601671,-0.436554,1.0
52.5,-1.925265,8.051489,5.344728,0.122753,-0.54932,-0.323728,1.0
52.6,-2.174478,8.284311,4.604987,0.187108,-0.472137,-0.197554,1.0
52.7,-2.18381,8.0814,4.501617,0.162918,-0.491838,-0.145172,1.0
52.8,-1.677129,8.717651,4.691846,0.163559,-0.496541,-0.096944,1.0
52.9,-1.849502,8.087142,5.318348,0.11931,-0.345292,0.08449,1.0
53.0,-2.004109,8.280003,4.298347,0.071257,-0.202105,0.255067,1.0
53.1,-1.797728,8.284191,4.714459,0.063622,-0.051038,0.364809,1.0
53.2,-1.871666,8.440802,4.280042,-0.017501,0.135215,0.501031,1.0
53.3,-1.327179,8.291967,4.631069,-0.012034,0.155587,0.431942,1.0
53.4,-0.702533,8.361599,4.537151,-0.057818,0.068783,0.282617,1.0
53.5,-0.387757,8.250333,5.445227,-0.068936,0.099693,0.216735,1.0
53.6,-0.913101,8.202357,4.391667,0.019242,0.089889,0.154946,1.0
53.7,-0.719642,8.506006,5.041917,-0.038057,0.153174,0.213223,1.0
53.8,-0.652643,8.329296,4.372285,-0.004185,0.246392,0.236222,1.0
53.9,-0.363709,8.546325,4.787919,-0.038698,0.204212,0.118538,1.0
54.0,-0.254686,8.736943,4.712664,0.028138,0.162146,0.008666,0.0
54.1,-0.47677,8.473683,4.352744,-0.002112,0.066355,-0.11614,0.0
54.2,-1.26018,8.665488,5.377869,-0.01295,-0.086407,-0.2131,0.0
54.3,-1.248007,9.089586,4.954638,0.15432,-0.101557,-0.115148,0.0
54.4,-0.485863,8.206663,3.676692,0.070677,-0.039798,-0.028924,0.0
54.5,-0.677049,8.660463,4.809454,0.110841,-0.057421,-0.039767,0.0
54.6,-1.33017,8.920443,4.477689,0.142942,-0.045143,0.005192,0.0
54.7,-0.939662,8.056156,5.340182,-0.007911,0.098074,0.199081,0.0
54.8,-1.107518,8.456115,4.302893,0.128221,0.101037,0.202716,0.0
54.9,-0.715932,8.900941,4.518248,-0.002046,0.038088,0.168843,0.0
55.0,-0.722034,8.348798,5.153303,-0.064752,0.158336,0.278127,0.0
55.1,-0.80686,8.37464,4.998846,-0.009529,0.2839,0.324247,0.0
55.2,-0.375434,8.253204,5.272226,-0.015485,0.220278,0.217835,0.0
55.3,-0.418385,7.847023,3.893362,-0.070005,0.188513,0.144561,0.0
55.4,-0.642114,8.995578,6.083871,-0.05733,0.239123,0.187047,0.0
55.5,-0.605683,8.823534,4.685296,-0.002443,0.300469,0.195973,0.0
55.6,-0.105882,8.127222,5.04072,0.067287,0.267773,0.109864,0.0
55.7,-0.26668,8.520722,5.325825,0.007239,0.203662,0.002474,0.0
55.8,-0.18329,9.102417,6.953902,0.481575,0.241567,-0.038576,0.0
55.9,-0.977827,8.426923,3.259144,0.525985,0.255036,-0.047861,0.0
56.0,-0.838086,8.369974,3.951627,0.068386,0.140774,-0.042485,0.0
56.1,-0.303171,8.507801,4.883153,-0.076938,0.211023,-0.009438,0.0
56.2,-0.543051,8.130333,5.122196,-0.014966,0.097525,-0.144286,0.0
56.3,-0.71665,8.72806,4.702135,0.10232,-0.156504,-0.344833,0.0
56.4,-0.208654,7.700103,4.481159,-0.020647,-0.29798,-0.344589,0.0
56.5,-0.715215,8.99809,5.010212,0.067165,-0.226539,-0.232526,0.0
56.6,-1.5836,8.012068,4.516602,-0.009812,-0.153823,-0.049518,0.0
56.7,-0.949352,8.38792,4.996692,-0.005651,-0.12596,0.052229,0.0
56.8,-0.857947,8.571091,5.311588,0.124067,-0.026603,0.104305,0.0
56.9,-0.889412,8.622297,4.213521,-0.000305,-0.030177,0.154671,0.0
57.0,-0.362393,8.535916,4.713143,-0.060109,0.175654,0.306898,0.0
57.1,0.261057,8.199007,5.369015,0.038606,0.297033,0.228433,0.0
57.2,-0.469711,8.299984,4.565266,0.013622,0.067439,-0.123272,0.0
57.3,-1.265803,8.482198,4.59757,0.02306,-0.067959,-0.156992,0.0
57.4,-1.04698,8.56475,4.64411,-0.056994,-0.006994,0.004123,0.0
57.5,-1.123191,8.279645,4.933043,-0.046273,0.045082,0.08039,0.0
57.6,-1.185404,8.620981,4.758008,-0.043219,0.212337,0.245323,0.0
57.7,-0.305324,8.390074,4.879922,-0.002993,0.419756,0.329348,0.0
57.8,0.554387,7.862217,5.782106,-0.056085,0.227394,-0.033025,0.0
57.9,0.221436,8.516056,5.261219,-0.002927,-0.176871,-0.523384,0.0
58.0,-0.77692,8.082805,3.79397,-0.015501,-0.426154,-0.617164,0.0
58.1,-0.647857,8.63127,5.953702,0.028924,-0.477666,-0.542845,0.0
58.2,-1.465843,8.963753,5.682236,0.128434,-0.435883,-0.361632,0.0
58.3,-1.775474,9.050732,4.386522,0.261633,-0.181946,-0.006994,0.0
58.4,-1.275255,7.948717,4.446343,0.214413,0.071105,0.258243,0.0
58.5,-0.705285,8.288259,3.321477,0.049786,0.053023,0.179228,0.0
58.6,-0.581456,8.473464,4.455316,-0.138117,-0.033597,0.032009,0.0
58.7,-0.773121,7.73791,4.043392,-0.28167,-0.096059,-0.032681,0.0
58.8,-0.569372,8.179146,5.636413,-0.300454,-0.14392,-0.093554,0.0
58.9,-1.019342,8.630612,6.508178,-0.198646,-0.241864,-0.169019,0.0
59.0,-0.849691,8.410174,4.122355,-0.013011,-0.20916,-0.125349,0.0
59.1,-1.268435,7.970851,5.553741,0.055925,-0.071624,0.050121,0.0
59.2,-1.308755,8.619904,3.912624,0.173822,0.26933,0.343948,0.0
59.3,-0.542094,8.919366,4.949913,0.06353,0.187902,0.139858,0.0
59.4,-0.821695,8.038807,5.074698,0.039217,-0.208152,-0.259648,0.0
59.5,-1.126301,8.749835,4.132884,0.021502,-0.221408,-0.152014,0.0
59.6,-1.076411,8.083912,4.708716,-0.073365,-0.003971,0.125441,0.0
59.7,-0.845025,8.434819,4.878606,-0.051343,0.030666,0.155831,0.0
59.8,-0.700977,8.309077,5.344489,-0.083536,0.099541,0.173669,0.0
59.9,-0.575952,7.812207,4.575675,-0.069914,0.137261,0.144409,0.0
60.0,-0.488734,8.490094,5.071827,-0.041539,0.083719,0.032131,0.0
60.1,-0.649203,8.397761,5.044519,0.001947,-0.104572,-0.1497,0.0
60.2,-0.852443,8.549675,4.842355,0.023641,-0.012095,-0.02758,0.0
60.3,-0.625723,8.195657,4.230989,-0.014172,0.086529,0.045204,0.0
60.4,-0.44339,8.425248,5.56427,0.039615,-0.065393,-0.121929,0.0
60.5,-0.973998,8.41149,4.591109,-0.011759,-0.092088,-0.101281,0.0
60.6,-1.348236,8.452646,5.709753,-0.024801,0.001894,0.07031,0.0
60.7,-0.802194,8.169695,4.193541,0.030849,0.013225,0.081581,0.0
60.8,-0.616391,8.284789,4.795815,0.002902,-0.046487,0.025993,0.0
60.9,-1.27681,8.340183,4.893801,0.031001,0.118172,0.206014,0.0
61.0,-1.077727,8.673384,5.651967,-0.096761,0.213803,0.288145,0.0
61.1,-0.206979,8.121479,4.570291,0.034514,0.296666,0.214261,0.0
61.2,-0.582533,8.281799,4.914977,-0.045387,0.119363,-0.02923,0.0
61.3,-0.349502,8.023882,5.309524,-0.029054,-0.148058,-0.254883,0.0
61.4,-0.888934,8.473464,4.706443,0.019761,-0.169301,-0.184114,0.0
61.5,-1.245703,8.358967,5.547999,-0.036346,0.127335,0.192698,0.0
61.6,-0.751346,8.519286,4.638248,-0.011454,0.378339,0.345475,0.0
61.7,0.017468,8.165507,5.356214,-0.045326,0.337442,0.133046,0.0
61.8,-0.185205,8.277252,5.133562,-0.02193,-0.01909,-0.321865,0.0
61.9,-0.51338,8.537352,5.2075,-0.025717,-0.351125,-0.529711,0.0
62.0,-0.932124,8.395099,5.028278,0.045815,-0.209465,-0.293887,0.0
62.1,-1.392503,8.147561,5.546683,0.082161,-0.157512,-0.147279,0.0
62.2,-0.694397,8.317093,4.218786,0.074403,-0.348651,-0.224615,0.0
62.3,-1.336033,8.656993,5.259305,-0.025168,-0.184542,0.044898,0.0
62.4,-1.128455,8.36806,4.897749,0.008796,0.064935,0.281273,0.0
62.5,-0.77348,8.300104,5.28419,0.013531,-0.004643,0.149265,0.0
62.6,-1.214208,8.501699,5.033452,0.054978,0.119386,0.235641,0.0
62.7,-0.963231,8.268638,5.373921,-0.004581,0.26035,0.3295,0.0
62.8,-0.601196,8.218508,4.974678,0.047831,0.208702,0.1518,0.0
62.9,-0.882712,8.55805,5.335995,0.02529,0.151525,0.064721,0.0
63.0,-0.358804,8.210014,4.516094,0.044624,0.056811,-0.085063,0.0
63.1,-0.345882,8.531131,5.663811,0.045113,-0.048594,-0.176326,0.0
63.2,-0.553221,8.334919,4.398965,-0.051374,-0.138361,-0.213742,0.0
63.3,-0.587677,8.102336,4.958168,-0.014936,-0.138666,-0.172264,0.0
63.4,-1.487618,8.631988,4.731807,-0.042822,-0.034544,-0.002443,0.0
63.5,-0.641994,8.320442,5.303691,-0.02022,0.084941,0.090225,0.0
63.6,-0.882114,8.246863,5.061777,-0.074739,0.115179,0.076236,0.0
63.7,-0.75359,8.200801,4.630262,-0.014622,0.131069,0.011415,0.0
63.8,-0.329731,8.166704,5.372006,-0.028314,-0.024465,-0.178373,0.0
63.9,-0.865125,8.284191,4.365226,0.029077,-0.008949,-0.189063,0.0
64.0,-0.796571,8.298668,5.792665,-0.018876,-0.005039,-0.190468,0.0
64.1,-0.351984,8.131768,5.232983,0.038698,-0.170553,-0.394924,0.0
64.2,-0.455354,8.211689,5.603034,0.057238,-0.394313,-0.577664,0.0
64.3,-0.867757,8.681759,4.695675,0.189521,-0.533499,-0.615782,0.0
64.4,-1.817349,8.596215,5.386004,0.106077,-0.421252,-0.331608,0.0
64.5,-1.681556,8.338628,4.868078,0.119394,-0.211634,-0.032009,0.0
64.6,-1.158964,8.316973,5.614041,0.053329,-0.119546,0.030391,0.0
64.7,-0.962752,8.059744,4.845585,0.050152,-0.21026,-0.118874,0.0
64.8,-1.408057,8.561519,5.519763,0.06857,-0.280204,-0.190192,0.0
64.9,-1.614677,8.198409,5.014639,0.077488,-0.202838,-0.067378,0.0
65.0,-1.231705,8.220303,5.361359,0.065424,-0.160688,-0.040195,1.0
65.1,-0.24003,8.74487,4.218098,0.141224,-0.175471,-0.158138,1.0
65.2,-1.238764,8.235258,5.002076,0.050427,-0.287045,-0.258946,1.0
65.3,-1.343809,8.440562,4.713741,0.049358,-0.199661,-0.15125,1.0
65.4,-1.057987,8.340662,5.629953,0.067592,-0.163284,-0.156901,1.0
65.5,-0.879602,8.121001,4.748437,0.089522,-0.301981,-0.318963,1.0
65.6,-0.535394,8.268877,5.327978,0.045937,-0.31936,-0.347338,1.0
65.7,-0.652283,8.494401,4.573282,0.008674,-0.489669,-0.543089,1.0
65.8,-1.251925,8.460423,5.70102,0.146608,-0.765139,-0.768254,1.0
65.9,-1.934717,8.752228,5.114898,0.193461,-0.832517,-0.57913,1.0
66.0,-2.698805,8.825029,4.5009,0.280922,-0.507743,-0.127251,1.0
66.1,-2.165385,8.169575,4.593023,0.272293,-0.172172,0.245965,1.0
66.2,-1.402673,8.570732,4.715895,0.110994,-0.090499,0.272048,1.0
66.3,-2.142653,8.182257,4.55725,0.074281,-0.230785,0.088484,1.0
66.4,-1.430429,8.755577,4.87753,0.058765,-0.202319,0.158489,1.0
66.5,-1.332443,8.177471,4.259344,0.046487,-0.05455,0.253539,1.0
66.6,-0.995175,8.480881,4.866403,0.048319,0.049175,0.236344,1.0
66.7,-0.66664,8.118129,4.008696,0.083322,0.00339,0.07254,1.0
66.8,-0.76355,8.375478,4.599842,0.025198,-0.029047,-0.022877,1.0
66.9,-0.969691,8.32798,5.369853,-0.009621,-0.025687,-0.025778,1.0
67.0,-0.43681,8.155457,4.848457,0.012278,-0.019211,-0.101373,1.0
67.1,-0.796451,8.658788,6.202555,0.022663,-0.127732,-0.241719,1.0
67.2,-0.812004,8.318409,4.788995,0.056108,-0.209557,-0.310778,1.0
67.3,-0.63993,7.487441,1.255036,0.03459,-0.227662,-0.275729,1.0
67.4,-0.739502,8.702457,5.782615,-0.023701,-0.308181,-0.340771,1.0
67.5,-1.149631,8.313862,5.978826,-0.074129,-0.400972,-0.40537,1.0
67.6,-1.415354,7.647102,5.351787,0.038209,-0.437349,-0.323606,1.0
67.7,-1.577229,8.842796,4.634419,0.083047,-0.36435,-0.145722,1.0
67.8,-1.644587,8.321639,5.939584,-0.011209,-0.311633,0.00953,1.0
67.9,-1.599482,8.219585,4.866523,0.110902,-0.035491,0.243857,1.0
68.0,-1.164826,8.455278,4.737669,-0.01741,0.002749,0.223607,1.0
68.1,-0.62692,8.390193,5.264808,-0.0124,-0.138819,0.008277,1.0
68.2,-1.267957,8.160243,4.109912,0.036163,-0.181579,-0.027917,1.0
68.3,-1.207418,8.591908,5.543811,-0.054275,0.01857,0.191903,1.0
68.4,-0.402712,8.138827,4.836971,-0.048778,0.165453,0.202716,1.0
68.5,-0.292074,7.809426,5.204389,-0.016684,-0.063377,-0.131603,1.0
68.6,-1.183251,8.566066,5.35406,-0.014691,-0.183931,-0.213711,1.0
68.7,-1.181696,8.191709,4.1007,0.009591,-0.125686,-0.075564,1.0
68.8,-0.609572,8.772925,5.842914,0.028497,-0.011118,-0.009957,1.0
68.9,-0.887259,8.195298,3.855316,0.042058,0.090652,0.019212,1.0
69.0,-0.785085,8.03797,5.557689,0.029047,-0.020739,-0.133657,1.0
69.1,-0.997807,8.433025,5.13751,0.036163,-0.166339,-0.263466,1.0
69.2,-1.23027,8.184889,4.976473,0.003146,-0.14111,-0.165514,1.0
69.3,-0.955574,8.303453,4.681318,0.064385,-0.171684,-0.193461,1.0
69.4,-0.402952,8.383613,5.793502,-0.191812,-0.425009,-0.376506,1.0
69.5,-1.3535,8.52814,4.520879,0.069425,-0.315512,-0.244346,1.0
69.6,-1.482354,8.56475,5.098387,-0.004215,-0.264963,-0.104336,1.0
69.7,-1.194616,7.803892,5.765357,0.015157,-0.242399,-0.048449,1.0
69.8,-0.998286,8.470592,4.141737,0.072785,-0.231273,-0.045998,1.0
69.9,-1.275375,8.17484,5.122435,0.070616,-0.146485,0.031154,1.0
70.0,-1.036212,8.517133,5.677809,0.182038,0.002505,0.122081,1.0
70.1,-1.505205,8.452167,4.696393,0.091782,-0.016677,0.073548,1.0
70.2,-0.740459,8.672905,4.331129,0.061117,-0.070249,0.003818,1.0
70.3,-0.915016,8.297232,5.671349,-0.027336,-0.042363,-0.001497,1.0
70.4,-1.161476,8.530533,4.808975,-0.061423,-0.069303,-0.007392,1.0
70.5,-1.022692,8.163952,4.985326,-0.009682,-0.013775,-0.007514,1.0
70.6,-1.14676,8.393543,4.196413,0.064935,-0.053176,-0.059468,1.0
70.7,-0.622732,8.652088,5.081877,0.032467,-0.041722,-0.077061,1.0
70.8,-0.622493,8.247342,4.574239,0.027581,-0.086193,-0.189002,1.0
70.9,-0.817747,8.349455,5.149653,0.010728,-0.349758,-0.418366,1.0
71.0,-0.974178,8.619346,4.872285,0.085572,-0.529798,-0.477467,0.0
71.1,-1.696511,8.490482,4.967051,0.087392,-0.412868,-0.203838,0.0
71.2,-1.791865,8.370094,5.537351,0.046029,-0.305188,0.015852,0.0
71.3,-1.686222,8.519884,4.734199,0.152747,-0.138728,0.214811,0.0
71.4,-1.171526,8.302377,4.488098,0.063744,0.071471,0.440586,0.0
71.5,-1.19701,8.476455,4.792585,0.021014,0.229899,0.461783,0.0
71.6,-0.962872,8.652327,4.441558,0.000214,0.117256,0.267711,0.0
71.7,-0.865604,8.511868,5.902615,-0.19902,0.033292,0.218079,0.0
71.8,-1.114936,8.150313,3.438606,0.00733,0.25357,0.370276,0.0
71.9,-0.271466,8.319605,4.99753,-0.054398,0.296667,0.321437,0.0
72.0,0.115454,8.251769,4.894279,-0.088239,0.19062,0.101465,0.0
72.1,-0.594258,8.299745,4.550072,0.022571,0.131275,0.000336,0.0
72.2,-0.361615,8.610273,5.020441,-0.08262,0.181122,0.075289,0.0
72.3,0.086859,8.235617,5.056632,-0.109406,0.167041,-0.006384,0.0
72.4,-0.372562,8.606385,4.284947,0.049022,-0.027703,-0.257143,0.0
72.5,-0.419222,8.485188,4.814718,-0.021441,-0.18048,-0.286862,0.0
72.6,-0.813919,8.542616,4.721877,-0.051679,-0.109986,-0.122204,0.0
72.7,-1.090529,8.425248,4.860421,-0.029688,-0.028253,0.004093,0.0
72.8,-0.932363,8.471071,4.969175,0.022297,0.042241,0.106779,0.0
72.9,-0.552383,8.47466,4.878606,0.019334,0.167896,0.193889,0.0
73.0,-0.541017,8.51462,4.758367,-0.019028,0.171103,0.118966,0.0
73.1,-0.474975,8.529934,4.664927,0.015058,0.09447,-0.011729,0.0
73.2,-0.305324,8.367701,4.315216,-0.013714,0.048625,-0.077549,0.0
73.3,-0.915853,8.763833,4.522195,-0.103755,0.09331,-0.038057,0.0
73.4,-0.706481,8.551499,5.011767,-0.035812,0.186314,0.013554,0.0
73.5,-0.763669,8.165148,4.830032,-0.018143,0.094501,-0.105527,0.0
73.6,-0.511585,8.480762,5.1009,-0.007025,-0.097005,-0.284571,0.0
73.7,-0.720958,8.744331,4.621737,0.041753,-0.172416,-0.329409,0.0
73.8,-1.154417,8.387561,4.758965,-0.045448,-0.248958,-0.303386,0.0
73.9,-1.010609,8.597053,5.054718,0.096394,-0.361266,-0.328126,0.0
74.0,-1.089332,8.040841,3.534079,0.018937,-0.286557,-0.124433,0.0
74.1,-1.352663,8.619186,5.953223,-0.039553,-0.123517,0.081551,0.0
74.2,-1.519801,8.432905,5.072066,-0.0073,-0.031765,0.195446,0.0
74.3,-0.692722,7.968698,4.854558,0.000122,0.097677,0.247461,0.0
74.4,-0.571885,8.466046,4.991787,0.052076,0.098319,0.111299,0.0
74.5,-1.06325,9.027282,5.492605,0.019364,-0.013317,-0.025626,0.0
74.6,-0.441595,8.205587,3.761637,0.065882,-0.070586,-0.088606,0.0
74.7,-1.075574,8.458179,4.218397,0.080673,-0.068379,-0.099418,0.0
74.8,-1.032383,8.684511,5.322834,-0.006689,0.00452,0.003329,0.0
74.9,-0.837249,8.229395,5.130212,-0.159741,0.025412,0.019548,0.0
75.0,-0.804347,8.510552,3.892763,0.075136,-0.012523,-0.083841,0.0
75.1,-0.468036,8.522038,5.574439,-0.043524,-0.134421,-0.195935,0.0
75.2,-1.060739,8.660702,4.89404,0.032009,-0.251951,-0.281059,0.0
75.3,-0.995534,8.540582,4.636094,0.054703,-0.261878,-0.197096,0.0
75.4,-1.222254,8.257272,4.671149,0.017837,-0.225104,-0.062644,0.0
75.5,-1.094477,8.369974,5.037968,0.043127,-0.177212,0.021838,0.0
75.6,-1.228116,8.435777,5.478009,0.025412,-0.131764,0.120432,0.0
75.7,-0.989671,8.352746,4.689933,0.143798,0.033353,0.246789,0.0
75.8,-1.053919,8.388519,3.858067,-0.008216,0.135215,0.326965,0.0
75.9,-0.805663,8.371649,5.059265,0.053512,0.197737,0.301126,0.0
76.0,-0.315853,8.529366,4.48729,-0.010958,0.228807,0.223348,0.0
76.1,-0.20662,8.276415,4.480919,0.013134,0.213467,0.088545,0.0
76.2,-0.768814,8.517492,5.021099,-0.057268,0.149845,-0.021258,0.0
76.3,-0.460858,8.504331,5.525386,-0.084116,0.069975,-0.104702,0.0
76.4,-0.542692,8.293643,4.6142,0.010201,-0.005284,-0.204212,0.0
76.5,-0.687577,8.682237,5.002914,0.026481,-0.169057,-0.319146,0.0
76.6,-0.954258,8.333962,4.77081,0.065607,-0.195354,-0.254792,0.0
76.7,-0.896112,8.608179,4.599364,0.009957,-0.102747,-0.091538,0.0
76.8,-0.811526,8.419266,5.060939,-0.002229,-0.104977,-0.083291,0.0
76.9,-0.965025,8.326664,4.976473,-0.014478,-0.140896,-0.088362,0.0
77.0,-0.905564,8.53819,5.276294,-0.017226,-0.134146,-0.03601,0.0
77.1,-0.603739,8.414211,5.099853,-0.079336,-0.113736,-0.016341,0.0
77.2,-0.786401,8.592985,5.04072,0.047251,-0.101373,-0.051771,0.0
77.3,-0.61675,8.444271,3.732564,0.141965,-0.175287,-0.124769,0.0
77.4,-0.195853,8.359446,4.705366,-0.022755,-0.16362,-0.088087,0.0
77.5,-1.302533,8.757372,4.417151,-0.018937,-0.084941,-0.026512,0.0
77.6,-1.08359,8.014042,5.744569,-0.108673,-0.112277,0.01741,0.0
77.7,-1.373361,8.757013,3.606342,0.135551,-0.063041,0.065424,0.0
77.8,-1.219742,8.505886,4.473861,0.014477,0.102259,0.261206,0.0
77.9,-0.708275,8.411011,4.79079,0.006903,0.181854,0.237932,0.0
78.0,-0.720718,8.323434,5.439364,-0.010354,-0.059956,-0.032162,0.0
78.1,-0.842872,8.753783,4.658347,-0.023763,-0.036896,0.016707,0.0
78.2,-0.733879,8.316255,4.87753,-0.029505,0.052473,0.125685,0.0
78.3,-0.733041,8.295796,4.975994,-0.022816,0.062614,0.101495,0.0
78.4,-0.224925,8.442028,4.683502,-0.073571,0.051198,0.082696,0.0
78.5,-0.391705,8.519645,5.068716,-0.069974,0.028314,0.030818,0.0
78.6,-0.616271,8.534002,4.079165,0.053909,0.082955,0.015027,0.0
78.7,-0.669871,8.412686,4.664927,0.001955,0.039278,-0.008033,0.0
78.8,-0.078246,8.659864,4.855875,-0.038546,0.040989,-0.024862,0.0
78.9,-0.319442,8.529575,4.395735,0.06298,0.041325,-0.113163,0.0
79.0,-0.741416,8.182137,5.809295,-0.131855,-0.144989,-0.22599,0.0
79.1,-1.103809,8.659266,4.725944,-0.001527,-0.18836,-0.191109,0.0
79.2,-1.382932,8.529814,4.487141,0.016249,-0.100976,0.020525,0.0
79.3,-0.95665,8.515338,5.137749,0.025351,-0.024404,0.138544,0.0
79.4,-0.919323,8.617033,4.938068,-0.003268,0.040286,0.189551,0.0
79.5,-1.001755,8.179506,4.147958,-0.002444,0.196882,0.308976,0.0
79.6,-0.521037,8.313742,5.503612,-0.02758,0.182465,0.220278,0.0
79.7,-0.686441,8.465657,4.97094,0.042226,0.108886,0.08136,0.0
79.8,-0.010887,8.566185,5.045506,0.02813,0.098288,0.067928,0.0
79.9,-0.398525,8.154979,4.468477,0.072326,0.164781,0.032468,0.0
80.0,-0.748834,8.71131,4.768297,0.053787,0.129228,0.013011,0.0
80.1,-0.457747,8.428957,4.608935,-0.019975,0.055283,-0.025259,0.0
80.2,0.049771,8.506245,4.312943,-0.007819,0.103419,-0.045418,0.0
80.3,-0.738545,8.311589,5.470591,-0.002718,0.06127,-0.125258,0.0
80.4,-0.811645,8.452167,4.652963,0.081123,-0.068447,-0.191048,0.0
80.5,-0.972084,8.352626,4.800481,-0.044135,-0.1237,-0.141995,0.0
80.6,-0.891805,8.696475,4.50413,-0.021197,-0.042333,-0.009927,0.0
80.7,-0.510269,8.439964,5.023612,-0.07984,-0.046823,-0.006536,0.0
80.8,-0.961316,8.516056,4.671388,-0.084223,-0.092546,-0.021876,0.0
80.9,-0.894317,8.435896,5.416154,-0.101312,-0.017104,0.0821,0.0
81.0,-0.917887,8.127581,4.921677,0.047036,0.049999,0.112491,0.0
81.1,-0.895155,8.449296,4.423133,0.026817,0.012187,0.098777,0.0
81.2,-0.411087,8.806305,5.024568,0.046853,0.099418,0.147432,0.0
81.3,-0.776591,8.212406,4.943093,-0.066615,0.133749,0.148226,0.0
81.4,-0.764148,8.366863,4.065884,0.090316,0.127304,0.085827,0.0
81.5,-0.512184,8.515457,4.507599,0.002291,0.057513,0.044502,0.0
81.6,-0.051685,8.148638,5.404788,-0.134818,0.106321,0.032223,0.0
81.7,-0.735075,8.536036,5.412206,-0.022113,0.108001,-0.02138,0.0
81.8,-0.687578,8.578868,3.989195,0.084147,0.107573,-0.024618,0.0
81.9,-0.898744,8.505169,5.658068,-0.018692,0.09896,-0.011698,0.0
82.0,-0.68351,8.359445,4.816991,0.066584,0.049113,-0.057391,0.0
82.1,-0.767498,8.673623,4.70405,-0.010721,-0.062339,-0.148501,0.0
82.2,-0.657308,8.454201,4.628317,0.0062,-0.117286,-0.157237,0.0
82.3,-0.814606,8.399406,5.26077,-0.022373,-0.050206,-0.035735,0.0
82.4,-0.761635,8.192307,5.025167,0.028649,-0.045448,-0.036835,0.0
82.5,-0.924826,8.502417,4.84415,0.039554,-0.068356,-0.032284,0.0
82.6,-0.56339,8.262895,5.168856,-0.025778,-0.043952,0.034545,0.0
82.7,-0.982852,8.529097,4.142574,-0.066035,0.015791,0.07532,0.0
82.8,-1.052124,8.620742,4.752744,-0.043799,0.007208,0.081489,0.0
82.9,-0.507398,8.59466,4.471587,0.005406,0.097891,0.123914,0.0
83.0,-0.494836,8.185248,5.105685,-0.028619,0.18329,0.103969,0.0
83.1,-0.516132,8.355617,5.24076,-0.013714,-0.081367,-0.170431,0.0
83.2,-0.851725,8.488299,4.702016,-0.020617,-0.187505,-0.1777,0.0
83.3,-1.277169,8.569416,4.24726,0.008216,-0.014539,0.071074,0.0
83.4,-0.881396,8.582337,4.969653,-0.001283,0.099968,0.16869,0.0
83.5,-0.877687,8.467721,5.046822,-0.045204,0.124372,0.148593,0.0
83.6,-0.730648,8.575039,3.89049,0.008064,0.015394,0.018937,0.0
83.7,-0.406032,8.436195,5.832056,-0.029207,-0.067806,-0.048106,0.0
83.8,-0.555972,8.344371,4.659424,0.02416,-0.0011,0.014355,0.0
83.9,-0.796092,8.250452,5.021458,0.045357,0.034117,0.048869,0.0
84.0,-0.549751,8.579944,5.046343,-0.008888,-0.022908,0.023396,0.0
84.1,-0.412283,8.233583,4.193781,-0.162551,-0.005742,0.045845,0.0
84.2,-0.526301,8.780941,4.65416,-0.022266,0.065057,0.075136,0.0
84.3,-0.220738,8.447382,4.302415,-0.082039,0.131702,0.095295,0.0
84.4,-0.703131,8.158209,5.502535,-0.032467,0.130206,-0.001527,0.0
84.5,-0.789153,8.517252,5.038806,-0.021472,0.040531,-0.052779,0.0
84.6,-0.379741,8.40814,4.14054,-0.017746,0.02251,-0.070097,0.0
84.7,-0.850409,8.4481,5.285267,-0.020922,-0.043738,-0.130053,0.0
84.8,-0.950429,8.593703,4.601757,0.004184,-0.02306,-0.062797,0.0
84.9,-0.681835,8.271031,5.163951,-0.01463,-0.003787,-0.026725,0.0
85.0,-0.752393,8.575577,4.535296,0.119195,-0.026878,-0.078229,0.0
85.1,-0.573919,8.431709,5.143372,-0.027031,-0.077671,-0.073548,0.0
85.2,-0.697986,8.423932,4.725944,-0.012034,-0.041569,-0.028863,0.0
85.3,-0.679083,8.273543,5.277609,-0.007789,-0.035766,-0.043677,0.0
85.4,-0.587079,8.346285,4.883272,-0.033628,-0.09279,-0.065118,0.0
85.5,-1.471586,8.199605,4.826443,-0.055039,0.013775,0.050458,0.0
85.6,-0.912025,8.175438,5.220421,0.00394,0.177792,0.203082,0.0
85.7,0.233539,8.143134,5.43745,-0.01744,0.07645,-0.017287,0.0
85.8,0.170967,8.205468,4.360201,0.000336,-0.17877,-0.348651,0.0
85.9,-1.394657,8.661061,5.701498,-0.0343,-0.186741,-0.294529,0.0
86.0,-1.389871,8.222576,4.849055,0.105069,-0.115087,-0.129351,0.0
86.1,-0.585284,8.229036,5.192306,-0.013897,-0.066981,-0.032834,0.0
86.2,-1.023979,8.519196,4.885097,0.04906,-0.090179,-0.098158,0.0
86.3,-0.688535,8.121599,4.783252,0.02419,-0.195141,-0.173699,0.0
86.4,-0.914896,8.413763,5.439006,0.059682,-0.212367,-0.17431,0.0
86.5,-1.009891,8.182736,4.824289,0.060353,-0.212031,-0.118233,0.0
86.6,-1.004746,8.619545,5.415077,-0.012553,-0.178983,-0.041691,0.0
86.7,-1.256591,8.312187,4.76411,0.007269,-0.08268,0.068111,0.0
86.8,-1.038724,8.348319,5.512824,-0.010293,-0.085338,0.080451,0.0
86.9,-1.222852,8.569894,4.703332,0.028497,-0.074464,0.088453,0.0
87.0,-1.12367,7.900383,4.806223,0.011942,-0.012065,0.166675,0.0
87.1,-1.111346,8.179625,5.40742,0.021961,0.148471,0.298682,0.0
87.2,-0.77013,8.439725,5.396772,-0.005406,0.132191,0.216246,0.0
87.3,-0.56327,8.298907,4.780142,0.035552,0.048045,0.097647,0.0
87.4,-0.727119,8.170892,4.80733,-0.031803,0.038408,0.10442,0.0
87.5,-0.683151,8.356335,4.819982,-0.048289,0.171347,0.208274,0.0
87.6,-0.581695,8.399765,5.644669,-0.049908,0.288389,0.246698,0.0
87.7,-0.167857,8.21145,4.862933,0.043585,0.261206,0.106718,0.0
87.8,-0.061256,8.009735,4.861378,-0.023274,0.082894,-0.114781,0.0
87.9,-0.230788,8.269595,5.159524,-0.036805,-0.084635,-0.274675,0.0
88.0,-0.645225,8.703892,5.072066,0.005223,-0.0686,-0.213589,0.0
88.1,-0.701097,8.142775,4.925865,-0.086407,-0.026053,-0.12144,0.0
88.2,-0.328295,8.132726,5.269235,-0.041753,-0.091019,-0.183931,0.0
88.3,-0.447458,8.365667,5.121119,-0.021869,-0.330814,-0.404331,0.0
88.4,-1.060618,8.38804,4.853961,0.026084,-0.340985,-0.315298,0.0
88.5,-1.510828,8.460184,4.947161,0.082344,-0.143859,-0.03992,0.0
88.6,-0.853281,8.243394,5.471668,0.037721,-0.060476,0.071746,0.0
88.7,-1.090978,8.377422,5.164758,0.023976,-0.051924,0.074487,0.0
88.8,-1.14353,8.257631,4.758248,0.02981,-0.018021,0.106168,0.0
88.9,-1.09005,8.42465,5.415077,0.064019,0.06014,0.161574,0.0
89.0,-0.84335,8.217432,4.502814,0.036316,0.055283,0.149479,0.0
89.1,-0.902214,8.353583,4.814957,0.002352,0.03375,0.128373,0.0
89.2,-0.957847,8.211808,5.670272,-0.102472,0.200608,0.281914,0.0
89.3,-0.721556,8.2879,4.910551,-0.021839,0.240986,0.261328,0.0
89.4,-0.499861,8.458867,4.744728,-0.001038,0.161207,0.10962,0.0
89.5,-0.459063,8.402756,5.550631,-0.038576,0.117744,0.051832,0.0
89.6,-0.739263,9.718808,9.798968,0.136864,0.152044,0.025992,0.0
89.7,-0.273081,7.698309,0.884596,0.436463,0.354378,0.195591,0.0
89.8,0.365005,7.132805,4.076771,0.156051,0.198684,-0.086692,0.0
89.9,-0.456431,8.378319,5.588587,0.041157,-0.343383,-0.612621,0.0
90.0,-0.974677,9.042278,4.37069,0.057727,-0.475151,-0.571388,0.0
90.1,-1.524228,8.889486,6.013911,-0.236023,-0.244804,-0.192002,0.0
90.2,-0.262971,7.085626,5.767301,-0.23106,-0.301798,-0.222905,0.0
90.3,-1.702254,8.438768,4.379583,-0.023732,-0.271713,-0.213619,0.0
90.4,-0.761037,8.67123,4.319165,0.046212,-0.314198,-0.177578,0.0
90.5,-1.303849,8.14146,5.355496,-0.017532,-0.096578,0.028772,0.0
90.6,-1.022573,8.151151,5.289215,0.007697,-0.072143,0.027367,0.0
90.7,-0.874696,8.318648,4.793422,-0.003085,-0.198592,-0.105283,0.0
90.8,-1.238286,8.589874,4.202036,0.013928,-0.238329,-0.125838,0.0
90.9,-1.240559,8.040363,4.074139,-0.008949,-0.112643,0.016035,0.0
91.0,-1.131686,7.939625,4.331607,-0.070769,-0.132802,0.028039,0.0
91.1,-1.241875,8.33133,4.957211,-0.135154,-0.066523,0.105221,0.0
91.2,-0.99027,7.849176,3.645944,-0.254456,-0.096333,0.109162,0.0
91.3,-0.409771,9.596714,8.710772,-0.111826,-0.060896,0.08136,0.0
91.4,-1.160758,8.098269,5.145765,0.012126,0.079687,0.207663,0.0
91.5,-0.553101,8.083673,4.941777,0.127304,0.030757,0.110261,0.0
91.6,-0.523908,8.121958,5.568816,0.185153,0.023763,0.067714,0.0
91.7,-0.8534,7.905168,4.262694,0.315237,-0.037446,0.005651,0.0
91.8,-1.864487,10.724751,3.757689,0.065912,0.022144,0.17147,0.0
91.9,-0.719881,7.805028,4.985207,-0.080268,0.508759,0.650968,0.0
92.0,-0.399482,8.175557,4.477689,-0.033964,0.521312,0.465479,0.0
92.1,0.150628,8.288977,4.814958,-0.086956,0.059009,-0.015821,0.0
92.2,-0.604906,8.461619,5.546922,-0.082222,0.051985,-0.034086,0.0
92.3,-1.001875,8.389475,5.564628,-0.071807,0.282189,0.239215,0.0
92.4,0.17324,7.888777,5.292804,-0.045173,0.153938,0.088392,0.0
92.5,-0.72335,8.425487,4.112903,0.010904,-0.026115,-0.098319,0.0
92.6,-0.971965,8.477651,5.238966,-0.014875,0.380477,0.363984,0.0
92.7,0.120957,8.579944,5.301538,-0.009102,0.532674,0.354393,0.0
92.8,0.331765,7.919166,5.203552,0.040012,0.19624,-0.097708,0.0
92.9,-0.345165,8.104191,5.540581,0.066966,-0.01928,-0.325782,0.0
93.0,-0.337268,8.221379,4.290451,0.066218,-0.174677,-0.384692,0.0
93.1,-0.71689,8.397491,5.48734,0.052748,-0.167133,-0.290924,0.0
93.2,-1.186481,8.41795,5.145047,-0.073456,0.009988,-0.041019,0.0
93.3,-0.877807,8.476813,4.798447,-0.092118,0.158764,0.118294,0.0
93.4,-0.558724,8.297352,5.066084,0.004368,0.235244,0.092332,0.0
93.5,-0.415992,8.08128,4.657749,-0.010629,0.015577,-0.175074,0.0
93.6,-0.469591,8.238847,5.478128,0.036988,-0.150303,-0.349201,0.0
93.7,-0.647976,8.226764,5.815277,0.028008,-0.254884,-0.418809,0.0
93.8,-0.816551,8.379306,5.045865,0.071685,-0.303508,-0.418717,0.0
93.9,-1.107039,8.376913,4.866762,0.06295,-0.274095,-0.337992,0.0
94.0,-1.120559,8.445707,5.129255,0.026512,-0.048289,-0.116125,1.0
94.1,-1.232304,7.967022,5.200082,0.074556,-0.104855,-0.225806,1.0
94.2,-0.376421,8.370692,5.656632,0.13229,-0.507361,-0.643393,1.0
94.3,-1.072224,8.565348,4.766264,0.080848,-0.557994,-0.616821,1.0
94.4,-1.777149,8.294361,5.635696,0.114751,-0.498252,-0.471588,1.0
94.5,-1.787798,8.357053,4.772604,0.159222,-0.421802,-0.339916,1.0
94.6,-1.714099,8.412207,4.431867,0.155495,-0.337503,-0.231793,1.0
94.7,-0.801715,8.088338,5.35083,0.019609,-0.408485,-0.317863,1.0
94.8,-1.004387,8.254281,5.180341,0.080176,-0.626167,-0.574458,1.0
94.9,-1.801437,8.500024,5.338986,0.150792,-0.717003,-0.62464,1.0
95.0,-1.977189,8.405986,5.765746,0.166033,-0.559583,-0.352438,1.0
95.1,-1.460579,7.842117,5.122435,0.230113,-0.454422,-0.244835,1.0
95.2,-1.797608,8.459586,5.57073,0.266948,-0.504483,-0.312427,1.0
95.3,-2.254039,8.513543,5.106044,0.300546,-0.446481,-0.198317,1.0
95.4,-2.134846,7.81795,4.096812,0.223538,-0.376331,-0.054176,1.0
95.5,-1.593859,8.28479,4.836971,0.180358,-0.273301,0.039034,1.0
95.6,-1.310429,8.396534,4.80419,0.014905,-0.253326,0.043005,1.0
95.7,-1.417149,7.879565,4.946323,-0.004001,-0.262519,-0.031643,1.0
95.8,-1.472304,7.662775,5.321877,-0.069516,-0.27944,-0.045723,1.0
95.9,-1.904089,8.588439,4.763871,0.007728,-0.264321,-0.023366,1.0
96.0,-1.338066,7.452446,5.897949,0.040867,-0.189673,0.061453,1.0
96.1,-1.187318,8.206903,5.015236,0.094257,-0.005498,0.170737,1.0
96.2,-0.765464,8.35143,5.016553,0.062247,0.004887,0.103144,1.0
96.3,-1.042433,8.060223,5.099942,0.061331,-0.125685,-0.094898,1.0
96.4,-1.391905,8.429436,5.278208,0.054214,-0.158458,-0.108337,1.0
96.5,-0.604188,8.328339,4.578906,0.035094,-0.118324,-0.104091,1.0
96.6,-0.771207,8.364949,5.21408,0.051923,-0.28335,-0.314931,1.0
96.7,-1.135753,8.474062,5.14086,0.026939,-0.379683,-0.330814,1.0
96.8,-1.429233,8.316135,4.982455,0.069974,-0.311694,-0.214994,1.0
96.9,-0.998555,8.21142,5.209773,0.048526,-0.270652,-0.135726,1.0
97.0,-0.561596,8.279884,5.365306,0.0697,-0.342176,-0.231121,1.0
97.1,-0.954497,8.333723,5.486982,0.108734,-0.397551,-0.277424,1.0
97.2,-1.698306,8.142297,5.208577,0.126021,-0.26704,-0.082375,1.0
97.3,-1.655474,8.075417,5.016433,0.090744,-0.290497,-0.022632,1.0
97.4,-1.826202,8.324152,4.55067,0.151067,-0.28616,0.058979,1.0
97.5,-1.828954,8.469276,5.120521,0.036316,0.089431,0.501429,1.0
97.6,-0.996012,8.13775,5.075177,-0.070494,0.476077,0.749226,1.0
97.7,-0.409053,8.002436,5.059863,0.019334,0.406255,0.462394,1.0
97.8,-0.414557,8.151988,5.274379,-0.072235,0.0956,0.058612,1.0
97.9,-0.771805,9.505368,8.807741,0.002169,0.006903,-0.04722,1.0
98.0,-0.929253,8.449296,2.537349,0.423054,0.1248,0.061331,0.0
98.1,-0.865484,7.489056,3.703013,0.094592,0.082405,0.061453,0.0
98.2,-0.552862,8.027322,5.440441,-0.065057,0.05452,0.079107,0.0
98.3,-1.225723,9.267881,1.35709,-0.044349,0.118813,0.174524,0.0
98.4,-0.399003,7.26775,6.81102,-0.491822,0.198874,0.274469,0.0
98.5,0.066042,6.615796,4.292844,-0.492571,0.246392,0.199509,0.0
98.6,-0.121914,8.653523,6.827561,-0.146333,0.135734,-0.077427,0.0
98.7,-0.650848,8.566903,6.099305,0.22434,-0.005376,-0.208885,0.0
98.8,0.318365,8.015357,5.273183,0.105221,0.005681,-0.158733,0.0
98.9,-0.362274,7.174041,5.631867,0.264291,0.137414,-0.127915,0.0
99.0,-0.85998,10.174521,3.05731,0.349598,-0.017349,-0.305158,0.0
99.1,-0.962154,8.418668,5.701977,-0.00171,-0.202838,-0.338755,0.0
99.2,-1.581656,8.139067,5.510671,0.00562,-0.162734,-0.212062,0.0
99.3,-0.439801,8.900582,4.3474,0.075839,-0.181518,-0.175043,0.0
99.4,-0.676451,8.482198,5.152704,0.035522,-0.131214,-0.165544,0.0
99.5,-1.767339,8.259067,4.833263,0.073334,-0.132374,-0.136773,0.0
99.6,-1.437488,8.413912,5.349454,0.068073,-0.197118,-0.099571,0.0
99.7,-1.142214,8.599685,4.646383,0.132649,-0.148135,-0.034208,0.0
99.8,-1.298465,8.618469,4.820461,0.058979,-0.126693,0.035247,0.0
99.9,-1.481755,8.272825,4.404708,0.062766,-0.09783,0.075136,0.0
100.0,-1.61025,8.784052,4.448497,-0.007239,-0.071196,0.191017,0.0
100.1,-1.444547,8.344012,4.763033,0.0146,0.054367,0.327393,0.0
100.2,-0.646301,8.425966,4.529733,0.063499,0.19004,0.383043,0.0