Timestamp,yaw,pitch,roll
0.0,3.8508,4.6718,-22.8387
0.1,3.948,4.915,-20.5746
0.2,4.1036,5.2072,-19.6058
0.3,4.2859,5.4932,-19.7037
0.4,4.4634,5.7177,-20.64
0.5,4.6046,5.8253,-22.1859
0.6,4.5017,5.3177,-24.1349
0.7,4.2623,5.0544,-26.3193
0.8,4.2328,4.8232,-27.9711
0.9,4.451,4.4626,-28.8697
1.0,4.8118,3.4871,-29.2526
1.1,5.5045,2.0351,-29.3429
1.2,5.5759,0.4655,-29.321
1.3,5.5884,-0.4112,-29.0482
1.4,5.7946,-1.0471,-28.54
1.5,5.6253,-1.511,-27.6372
1.6,5.2169,-1.8725,-26.6809
1.7,4.5517,-1.8798,-25.828
1.8,4.5365,-1.7727,-24.4771
1.9,4.7133,-1.2531,-23.2287
2.0,4.6225,-0.6234,-22.5981
2.1,4.3188,-1.3274,-22.8274
2.2,3.6303,-2.3473,-23.8925
2.3,3.3416,-2.7572,-24.5069
2.4,3.1516,-3.1458,-24.8209
2.5,3.0104,-3.4676,-24.8496
2.6,3.2873,-3.6507,-24.9319
2.7,3.8429,-3.6684,-25.2816
2.8,4.8228,-3.3596,-25.1428
2.9,5.7117,-2.2979,-24.8791
3.0,6.4958,-1.4575,-24.3796
3.1,6.7987,-0.8506,-24.3027
3.2,7.1872,0.1844,-24.413
3.3,7.478,2.3542,-24.1989
3.4,7.2577,4.5348,-23.7135
3.5,6.8019,5.4864,-22.8564
3.6,6.3754,6.13,-22.1431
3.7,5.7933,5.6024,-22.0575
3.8,5.6113,4.3999,-21.5544
3.9,5.007,2.6125,-20.9726
4.0,4.511,0.5782,-20.2972
4.1,4.0833,-0.6793,-19.8686
4.2,4.1165,-1.5376,-19.6196
4.3,3.833,-1.763,-19.5939
4.4,3.5964,-1.9016,-19.4183
4.5,3.5416,-2.3347,-19.1463
4.6,3.4485,-2.5045,-19.1678
4.7,3.3619,-2.9197,-19.1466
4.8,3.6412,-2.9509,-18.3379
4.9,3.5506,-2.8086,-17.4817
5.0,3.7748,-2.6559,-16.7852
5.1,4.023,-2.3438,-16.3988
5.2,4.4098,-2.0292,-16.5052
5.3,4.4448,-2.3873,-17.3171
5.4,4.352,-2.415,-18.1633
5.5,3.9879,-3.5567,-18.9032
5.6,3.7346,-4.7126,-19.054
5.7,3.6552,-5.5599,-18.3863
5.8,3.7423,-6.0911,-17.5647
5.9,3.8994,-6.4783,-17.1929
6.0,4.5361,-6.7926,-17.2211
6.1,4.9587,-6.3979,-17.7067
6.2,5.5253,-5.743,-18.7412
6.3,5.4651,-5.1961,-19.7952
6.4,5.3899,-3.8337,-20.0354
6.5,4.8589,-3.4131,-19.7601
6.6,4.3781,-2.7346,-18.8395
6.7,3.7866,-1.9154,-17.7946
6.8,3.3429,-0.2199,-17.0754
6.9,3.1834,2.2395,-16.7051
7.0,3.5775,5.3297,-16.6869
7.1,3.9742,8.6748,-17.3118
7.2,4.6161,12.3073,-18.3821
7.3,4.8495,15.2355,-19.6738
7.4,5.2419,17.532,-20.4234
7.5,5.152,17.8483,-21.0589
7.6,4.9362,16.8013,-21.4197
7.7,4.5688,14.7366,-21.9893
7.8,4.2012,12.8683,-22.4247
7.9,4.0853,10.4246,-22.08
8.0,4.1864,7.8575,-20.9338
8.1,4.0917,5.2748,-19.5496
8.2,3.7396,3.3788,-18.0699
8.3,2.9527,1.803,-16.9405
8.4,2.2306,0.1495,-15.7331
8.5,1.5866,-1.7108,-14.9165
8.6,1.2499,-3.4168,-14.6837
8.7,1.009,-4.653,-15.6146
8.8,0.9643,-5.1466,-17.2275
8.9,1.3179,-6.4524,-18.5406
9.0,1.3618,-6.8531,-19.513
9.1,1.7845,-7.1704,-20.3118
9.2,1.7298,-7.0502,-21.6035
9.3,1.6042,-7.0475,-22.6232
9.4,1.9452,-8.1118,-22.6732
9.5,1.9296,-8.6978,-22.2862
9.6,1.9675,-9.3664,-21.538
9.7,1.7306,-9.6945,-20.5357
9.8,1.626,-9.6798,-19.4475
9.9,1.2512,-9.768,-18.4471
10.0,0.6844,-9.0238,-17.9266
10.1,0.6041,-8.4152,-18.2304
10.2,0.2271,-7.8274,-19.8239
10.3,0.1225,-7.6728,-21.5227
10.4,0.5557,-7.7746,-22.4847
10.5,0.4222,-7.644,-23.6843
10.6,0.5471,-8.0096,-24.4196
10.7,0.6248,-8.133,-24.1647
10.8,0.6521,-8.2346,-23.4952
10.9,0.3363,-8.3349,-22.8745
11.0,0.088,-8.7026,-22.2617
11.1,-0.0651,-9.1805,-21.5714
11.2,0.2177,-9.4323,-20.9153
11.3,0.4184,-9.6532,-20.6147
11.4,0.5549,-9.5832,-20.6113
11.5,0.6489,-9.2771,-21.3634
11.6,0.9057,-9.4361,-22.1277
11.7,0.9633,-9.4042,-22.5588
11.8,1.0742,-9.5196,-22.6609
11.9,1.2121,-9.9901,-22.7755
12.0,1.1779,-10.7902,-22.7425
12.1,1.3424,-11.9922,-22.1178
12.2,1.9315,-12.6792,-20.8186
12.3,2.0465,-13.3208,-19.9026
12.4,1.7738,-13.5598,-19.3299
12.5,0.7205,-13.9286,-19.0042
12.6,-1.305,-14.5014,-18.9227
12.7,-4.1989,-14.3978,-19.1652
12.8,-7.543,-13.6606,-19.8064
12.9,-11.6924,-12.0147,-21.3947
13.0,-16.1521,-9.7593,-23.459
13.1,-20.0022,-7.1884,-25.2802
13.2,-22.9036,-4.1752,-26.6818
13.3,-24.8728,-1.5516,-27.9623
13.4,-25.8401,0.4243,-28.7096
13.5,-26.3392,1.3867,-28.9715
13.6,-26.2663,1.7896,-28.8855
13.7,-25.8286,1.8358,-28.5774
13.8,-25.3162,1.8091,-28.224
13.9,-25.1024,2.0742,-28.0522
14.0,-24.8885,2.3393,-27.8804
14.1,-24.6746,2.6045,-27.7085
14.2,-24.4607,2.8696,-27.5367
14.3,-24.2469,3.1347,-27.3649
14.4,-24.033,3.3998,-27.193
14.5,-23.8191,3.665,-27.0212
14.6,-23.6053,3.9301,-26.8494
14.7,-23.3914,4.1952,-26.6775
14.8,-23.1775,4.4603,-26.5057
14.9,-22.9636,4.7254,-26.3339
15.0,-22.7498,4.9906,-26.162
15.1,-22.5359,5.2557,-25.9902
15.2,-22.322,5.5208,-25.8184
15.3,-22.1081,5.7859,-25.6465
15.4,-21.8943,6.051,-25.4747
15.5,-21.6804,6.3162,-25.3029
15.6,-21.4665,6.5813,-25.131
15.7,-21.2527,6.8464,-24.9592
15.8,-21.0388,7.1115,-24.7874
15.9,-20.8249,7.3767,-24.6155
16.0,-20.611,7.6418,-24.4437
16.1,-20.3972,7.9069,-24.2719
16.2,-20.3009,8.2271,-24.1527
16.3,-20.1752,8.5336,-24.0204
16.4,-19.9058,8.7727,-23.8237
16.5,-19.411,8.9061,-23.526
16.6,-18.6418,8.9109,-23.1053
16.7,-17.7902,8.6485,-22.6172
16.8,-16.6121,9.015,-21.6043
16.9,-14.3021,8.6844,-20.4629
17.0,-11.9154,7.9671,-19.9591
17.1,-10.1575,6.3315,-20.3554
17.2,-8.1225,4.7484,-20.6472
17.3,-6.1876,3.1661,-20.9069
17.4,-4.7445,1.6122,-21.2104
17.5,-4.0823,0.1389,-21.5843
17.6,-4.3873,-1.1775,-22.006
17.7,-5.7427,-2.2364,-22.4035
17.8,-8.4697,-2.0513,-22.8978
17.9,-10.5561,-3.7767,-23.502
18.0,-12.2938,-5.7304,-24.3081
18.1,-13.8239,-7.7745,-25.1397
18.2,-13.9405,-9.4095,-25.1649
18.3,-13.158,-10.7622,-24.8518
18.4,-11.4124,-11.8053,-24.0149
18.5,-9.9775,-12.8287,-23.6477
18.6,-9.4197,-13.5165,-23.9664
18.7,-10.4516,-13.199,-25.0765
18.8,-14.3374,-10.6815,-27.0902
18.9,-18.698,-7.9943,-29.1126
19.0,-22.9741,-4.1541,-30.9938
19.1,-27.1522,0.1173,-33.2055
19.2,-30.3039,3.7138,-35.1293
19.3,-31.7225,6.4504,-36.1761
19.4,-31.2089,7.5959,-35.8235
19.5,-29.8275,7.6187,-35.1847
19.6,-27.623,6.8596,-34.3612
19.7,-25.9391,4.5042,-33.236
19.8,-23.6121,2.3621,-30.1172
19.9,-21.8108,-0.1186,-26.8255
20.0,-20.147,-2.2651,-24.1368
20.1,-18.395,-4.2305,-22.7509
20.2,-16.3713,-6.066,-22.3517
20.3,-14.3293,-7.4645,-22.583
20.4,-12.4181,-8.5501,-23.2892
20.5,-10.7347,-8.1458,-24.3094
20.6,-9.5529,-7.744,-26.0102
20.7,-9.0548,-8.1407,-26.8896
20.8,-7.8513,-8.4122,-25.3938
20.9,-8.8523,-8.5006,-24.0764
21.0,-10.4924,-7.7697,-22.7621
21.1,-12.0593,-7.2896,-21.6274
21.2,-13.1814,-7.2519,-20.4788
21.3,-14.6275,-7.4454,-19.6997
21.4,-15.56,-8.1525,-19.2145
21.5,-16.6965,-7.2393,-19.4795
21.6,-17.9457,-6.7624,-20.8729
21.7,-18.8912,-5.5456,-22.5004
21.8,-19.7723,-4.0676,-24.3859
21.9,-21.2329,-2.2855,-26.3729
22.0,-21.6861,-1.337,-27.5381
22.1,-20.9731,-1.8408,-27.977
22.2,-19.3274,-3.7129,-27.6815
22.3,-17.8819,-5.4686,-27.2852
22.4,-16.0978,-7.3329,-26.8062
22.5,-15.1213,-7.7414,-26.9448
22.6,-14.7582,-8.1577,-27.6297
22.7,-14.712,-7.6677,-28.8088
22.8,-14.8881,-6.7664,-30.0662
22.9,-15.509,-6.0458,-31.2141
23.0,-15.5031,-5.4996,-31.7875
23.1,-15.3146,-5.2346,-32.5073
23.2,-15.1495,-5.016,-32.9874
23.3,-15.5673,-4.7856,-32.843
23.4,-15.7329,-5.6478,-31.9267
23.5,-15.9058,-6.5277,-30.5955
23.6,-16.6933,-6.5005,-29.6596
23.7,-17.1549,-6.5296,-28.7634
23.8,-16.9773,-6.5319,-27.7998
23.9,-17.2425,-5.7846,-27.626
24.0,-17.5443,-4.9109,-28.0319
24.1,-16.6834,-4.8151,-28.3533
24.2,-15.045,-5.7007,-28.7227
24.3,-13.4176,-7.0369,-28.9971
24.4,-10.7353,-8.2819,-29.0098
24.5,-8.4877,-9.6885,-29.1653
24.6,-7.0959,-9.5027,-29.4985
24.7,-5.9843,-8.9897,-29.6099
24.8,-4.6658,-7.6067,-29.2171
24.9,-4.5257,-5.3837,-29.0121
25.0,-4.3965,-3.9423,-28.91
25.1,-3.5671,-3.1649,-28.7418
25.2,-2.2572,-3.2006,-29.1744
25.3,-1.3154,-2.9423,-30.2003
25.4,0.3559,-2.6919,-31.4522
25.5,1.4552,-4.0062,-32.6834
25.6,1.9668,-4.4332,-33.8008
25.7,2.608,-5.4948,-34.1304
25.8,3.886,-5.5017,-32.8408
25.9,4.4208,-4.7648,-30.7936
26.0,4.2756,-4.3869,-28.4334
26.1,2.8046,-4.179,-26.1658
26.2,0.9769,-4.6,-23.4286
26.3,-0.3662,-5.9126,-20.9818
26.4,-0.9578,-7.9344,-19.1159
26.5,-1.4985,-10.3126,-18.7512
26.6,-1.8899,-12.2647,-19.7329
26.7,-1.778,-14.2749,-21.4495
26.8,-1.1476,-14.9652,-23.3312
26.9,-0.1777,-14.901,-25.3315
27.0,-0.0724,-14.983,-27.8426
27.1,-0.7098,-14.86,-30.3712
27.2,-1.048,-14.2014,-31.4948
27.3,-0.4794,-14.3465,-31.4519
27.4,-0.0743,-14.592,-31.0029
27.5,0.1288,-13.6535,-30.3598
27.6,0.2233,-13.0018,-29.0334
27.7,0.2855,-12.0856,-27.407
27.8,0.8117,-10.5535,-25.6452
27.9,1.708,-8.3154,-24.2922
28.0,2.2846,-6.1444,-23.5225
28.1,2.7835,-3.7247,-22.7874
28.2,3.7292,-1.0566,-21.4267
28.3,4.1625,-0.0192,-19.95
28.4,4.3698,0.1972,-18.7981
28.5,4.2631,0.034,-18.2296
28.6,4.1677,-1.2887,-18.2567
28.7,3.5608,-3.1134,-18.6966
28.8,2.6363,-4.8108,-19.7407
28.9,1.6399,-6.0748,-21.4552
29.0,1.0665,-7.3602,-22.9964
29.1,0.4936,-8.0591,-23.9949
29.2,0.1526,-8.8533,-24.3652
29.3,-0.4914,-9.6229,-24.1343
29.4,-0.5538,-10.6777,-23.1803
29.5,-1.0894,-11.0694,-22.6871
29.6,-1.5165,-11.4435,-21.9805
29.7,-1.915,-11.7256,-21.3399
29.8,-2.2611,-11.9496,-20.8711
29.9,-2.531,-12.1494,-20.6801
30.0,-2.7009,-12.3589,-20.8726
30.1,-0.3964,-14.0986,-22.2258
30.2,0.4661,-14.2683,-20.894
30.3,0.6473,-14.3182,-20.9063
30.4,0.3181,-14.2904,-21.8871
30.5,-0.3507,-14.2271,-23.4609
30.6,-1.1882,-14.1704,-25.252
30.7,-2.019,-14.1728,-26.7722
30.8,-2.4616,-14.5515,-27.4615
30.9,-2.5852,-14.468,-27.1995
31.0,-2.5173,-15.1215,-26.5571
31.1,-2.3751,-15.0272,-25.8045
31.2,-2.3776,-14.981,-25.2363
31.3,-2.313,-15.3027,-24.915
31.4,-2.6403,-15.3891,-24.7834
31.5,-3.1594,-14.5156,-24.7182
31.6,-3.0947,-14.2454,-24.2633
31.7,-2.9822,-13.9875,-24.2598
31.8,-2.9452,-13.8264,-24.806
31.9,-2.7692,-13.5399,-25.0907
32.0,-2.231,-13.6325,-25.2859
32.1,-1.7255,-13.3465,-25.3254
32.2,-1.2358,-13.1086,-24.9347
32.3,-1.2098,-13.198,-24.5637
32.4,-1.2589,-12.6595,-23.7005
32.5,-1.3223,-12.1411,-22.7585
32.6,-1.1371,-12.2236,-21.7149
32.7,-0.991,-12.7174,-20.9604
32.8,-0.9956,-13.2176,-20.6074
32.9,-0.7723,-14.1331,-19.7119
33.0,-1.0197,-14.6781,-19.5345
33.1,-2.8109,-15.011,-19.8611
33.2,-5.9754,-14.2989,-20.2657
33.3,-10.1384,-13.3535,-21.1011
33.4,-14.4278,-11.5832,-21.7418
33.5,-18.7963,-9.635,-22.5126
33.6,-23.0163,-7.4454,-23.6381
33.7,-26.3931,-5.3931,-24.8157
33.8,-28.3527,-3.5586,-25.7367
33.9,-28.8725,-2.5841,-26.1376
34.0,-28.731,-1.7144,-26.9966
34.1,-28.5563,-1.5879,-27.7061
34.2,-27.9928,-1.311,-28.0367
34.3,-26.8761,-1.8855,-28.2654
34.4,-25.5217,-2.4591,-28.2424
34.5,-24.2842,-3.0721,-28.1885
34.6,-23.1813,-3.5277,-28.2567
34.7,-22.0783,-3.9834,-28.3248
34.8,-20.9753,-4.439,-28.3929
34.9,-19.8724,-4.8947,-28.4611
35.0,-18.6755,-5.3299,-28.3775
35.1,-17.5905,-5.5451,-28.4698
35.2,-16.5783,-5.8528,-28.8148
35.3,-15.4172,-7.0829,-29.3123
35.4,-14.5089,-8.2798,-29.6374
35.5,-13.9103,-9.3707,-29.7835
35.6,-13.6422,-10.2912,-29.7495
35.7,-13.6896,-10.9857,-29.5401
35.8,-14.0019,-11.407,-29.1652
35.9,-14.4924,-11.5165,-28.6405
36.0,-15.0387,-11.284,-27.987
36.1,-15.7202,-10.7399,-27.6152
36.2,-16.2885,-10.477,-27.4823
36.3,-16.6005,-10.9114,-27.4361
36.4,-17.0347,-11.0,-27.2662
36.5,-17.469,-11.0886,-27.0962
36.6,-17.9033,-11.1772,-26.9263
36.7,-18.3376,-11.2658,-26.7564
36.8,-18.7718,-11.3544,-26.5865
36.9,-19.2061,-11.443,-26.4166
37.0,-19.6404,-11.5317,-26.2466
37.1,-20.0747,-11.6203,-26.0767
37.2,-20.5089,-11.7089,-25.9068
37.3,-20.9432,-11.7975,-25.7369
37.4,-21.3775,-11.8861,-25.567
37.5,-21.8118,-11.9747,-25.397
37.6,-22.246,-12.0633,-25.2271
37.7,-22.7116,-12.211,-25.0018
37.8,-23.5188,-12.4303,-24.8958
37.9,-23.5124,-12.6562,-24.3678
38.0,-23.8453,-12.1971,-24.3849
38.1,-23.3831,-11.804,-24.4396
38.2,-23.3879,-11.0025,-25.19
38.3,-23.4643,-10.0294,-26.111
38.4,-23.7154,-9.3858,-27.5105
38.5,-23.5422,-9.0419,-28.8954
38.6,-22.6597,-9.1005,-30.2206
38.7,-21.2522,-9.3715,-31.1069
38.8,-19.4174,-10.0941,-31.8642
38.9,-17.1612,-11.1495,-31.3626
39.0,-14.4267,-10.7306,-30.1267
39.1,-11.0764,-9.9261,-27.8638
39.2,-9.7768,-9.2121,-25.6061
39.3,-9.5629,-8.335,-23.2113
39.4,-10.5514,-7.9974,-21.1304
39.5,-11.5518,-8.2924,-19.2684
39.6,-12.9085,-9.0373,-18.6483
39.7,-13.9795,-9.9598,-18.6366
39.8,-14.6071,-11.0363,-19.1379
39.9,-15.0971,-12.0583,-19.6653
40.0,-13.9896,-11.7412,-20.5136
40.1,-12.3143,-10.6475,-21.7993
40.2,-11.0821,-10.7473,-23.1862
40.3,-10.0567,-10.3811,-24.3454
40.4,-9.3489,-10.2783,-25.0424
40.5,-8.8526,-10.5904,-25.3783
40.6,-9.1998,-10.8588,-25.7752
40.7,-9.5248,-10.9931,-25.4226
40.8,-9.9993,-10.8131,-24.6287
40.9,-10.9437,-10.1493,-24.0396
41.0,-11.9314,-8.8823,-23.9354
41.1,-12.3109,-7.4281,-23.6086
41.2,-13.4799,-6.5868,-23.265
41.3,-15.2112,-5.42,-22.8899
41.4,-17.1024,-4.4303,-22.6286
41.5,-19.045,-3.7806,-22.4046
41.6,-20.8713,-3.4112,-22.3824
41.7,-22.2594,-3.3717,-22.4864
41.8,-23.156,-3.5568,-22.7906
41.9,-23.7279,-3.668,-23.1838
42.0,-23.8058,-3.9805,-23.5805
42.1,-23.3586,-4.5707,-23.6362
42.2,-23.7334,-4.8327,-23.8097
42.3,-24.0769,-5.5614,-23.6832
42.4,-23.6693,-5.5442,-23.7173
42.5,-22.7082,-5.8077,-24.5282
42.6,-20.9021,-6.5123,-25.4955
42.7,-18.9683,-7.2083,-27.0235
42.8,-17.2108,-8.0331,-28.8723
42.9,-15.4515,-8.7489,-30.6546
43.0,-14.1141,-9.147,-32.172
43.1,-13.3631,-9.3366,-32.7756
43.2,-13.6103,-9.3807,-32.7385
43.3,-13.8143,-9.743,-31.3568
43.4,-14.0563,-9.1444,-29.699
43.5,-14.2464,-9.3269,-28.3465
43.6,-14.2732,-9.6157,-26.9539
43.7,-14.4299,-9.9613,-26.55
43.8,-14.146,-10.616,-26.5861
43.9,-13.671,-11.0303,-27.3622
44.0,-13.2539,-11.0267,-28.6905
44.1,-12.7698,-10.6338,-29.9489
44.2,-11.9527,-9.9273,-31.139
44.3,-10.8677,-8.9479,-31.6543
44.4,-9.8431,-7.7793,-31.6882
44.5,-8.6622,-6.8343,-31.4548
44.6,-7.7199,-6.4684,-31.0695
44.7,-6.4949,-6.4776,-30.4911
44.8,-5.384,-7.0707,-29.8956
44.9,-4.8169,-8.2075,-29.4898
45.0,-4.7514,-9.4479,-29.1
45.1,-5.141,-10.892,-28.6333
45.2,-5.243,-11.9387,-27.6924
45.3,-5.4531,-12.4378,-26.6657
45.4,-4.9763,-12.889,-25.1228
45.5,-4.31,-13.3362,-23.7657
45.6,-3.8998,-13.7484,-22.3337
45.7,-3.193,-13.6409,-21.309
45.8,-3.0217,-13.5957,-21.2656
45.9,-2.3949,-14.2037,-21.7146
46.0,-2.1712,-14.6357,-22.9395
46.1,-2.7484,-14.0413,-23.8784
46.2,-3.0327,-12.2808,-23.9045
46.3,-3.8029,-10.0937,-23.5702
46.4,-4.1378,-8.8201,-22.805
46.5,-4.1803,-8.1435,-21.3504
46.6,-4.8794,-7.7931,-19.5849
46.7,-5.1396,-8.3277,-17.925
46.8,-5.9899,-9.5278,-16.9375
46.9,-6.0426,-11.2409,-16.3321
47.0,-6.5139,-12.644,-16.5444
47.1,-6.8089,-12.8469,-16.4293
47.2,-6.5584,-13.1373,-16.2698
47.3,-7.2244,-12.6087,-17.1239
47.4,-7.2752,-12.6059,-18.5924
47.5,-7.0487,-12.6497,-19.8275
47.6,-7.0165,-11.9151,-21.2694
47.7,-6.7229,-10.8746,-22.1111
47.8,-6.6363,-9.5671,-22.621
47.9,-6.3098,-8.0588,-22.8566
48.0,-5.6363,-7.4728,-22.8062
48.1,-4.4041,-7.1718,-21.4121
48.2,-3.5691,-8.5857,-19.4391
48.3,-3.7449,-9.6861,-17.7459
48.4,-4.3523,-11.1507,-16.349
48.5,-4.8571,-12.7646,-15.0235
48.6,-5.1154,-13.4126,-14.0836
48.7,-5.3731,-13.8951,-13.6805
48.8,-5.9294,-14.2807,-14.5036
48.9,-5.9165,-13.8298,-16.141
49.0,-5.3448,-13.2138,-18.1532
49.1,-4.0169,-12.1593,-19.7529
49.2,-2.8803,-11.988,-21.4641
49.3,-1.989,-11.5203,-23.3081
49.4,-1.4454,-10.8829,-25.1625
49.5,-0.552,-10.5445,-26.3856
49.6,-0.1142,-10.1891,-27.0593
49.7,0.1395,-10.1694,-27.259
49.8,-0.4286,-10.4976,-27.3225
49.9,-0.7601,-10.8844,-26.8218
50.0,-1.5468,-11.3404,-26.4082
50.1,-1.7382,-11.2438,-25.8097
50.2,-1.9777,-11.5774,-25.4063
50.3,-2.0057,-11.8995,-25.2868
50.4,-2.2739,-11.8248,-25.7113
50.5,-2.5224,-11.6329,-26.1869
50.6,-2.8064,-10.5867,-26.3602
50.7,-2.1407,-9.8271,-26.1074
50.8,-2.0312,-9.296,-25.9034
50.9,-2.3798,-9.5911,-25.9882
51.0,-2.8948,-9.5699,-25.4398
51.1,-2.944,-9.7342,-23.9144
51.2,-3.0282,-10.4525,-22.3082
51.3,-3.209,-11.3037,-20.4264
51.4,-3.9984,-12.1392,-18.5812
51.5,-4.5388,-13.4313,-16.605
51.6,-5.2778,-13.649,-14.5575
51.7,-5.5265,-13.9645,-12.9611
51.8,-5.7614,-14.3772,-11.9001
51.9,-5.9664,-14.2961,-11.9601
52.0,-5.6116,-14.0245,-12.1451
52.1,-4.5108,-14.2554,-12.618
52.2,-4.072,-13.7987,-14.2127
52.3,-3.584,-13.6716,-15.83
52.4,-3.6484,-13.6102,-17.4871
52.5,-3.6433,-13.7479,-18.9467
52.6,-4.4675,-13.3006,-19.9829
52.7,-4.8793,-12.9895,-20.5694
52.8,-5.0638,-13.4114,-20.7734
52.9,-4.9938,-13.5432,-21.2055
53.0,-4.9861,-14.5789,-21.5272
53.1,-4.7706,-15.1389,-21.8392
53.2,-5.0432,-15.0654,-22.4158
53.3,-4.7411,-14.641,-22.8936
53.4,-5.0743,-13.8016,-23.5424
53.5,-4.8822,-12.9508,-24.3181
53.6,-5.2493,-12.4307,-25.2686
53.7,-5.4007,-11.8959,-26.2887
53.8,-5.6693,-11.5343,-27.2926
53.9,-5.4757,-11.6451,-28.0113
54.0,-5.6569,-12.2331,-28.2797
54.1,-5.3111,-12.3865,-27.9949
54.2,-5.0137,-12.8137,-27.2488
54.3,-4.5537,-12.3697,-26.0011
54.4,-4.718,-12.1034,-24.7248
54.5,-4.5978,-12.2009,-23.4423
54.6,-5.0831,-12.7169,-22.5389
54.7,-5.8947,-12.941,-22.0806
54.8,-6.471,-13.1272,-21.862
54.9,-6.6107,-13.6334,-21.6951
55.0,-6.7356,-13.7063,-21.7606
55.1,-6.7588,-13.6409,-22.0666
55.2,-6.8453,-13.8894,-22.5243
55.3,-6.6766,-13.2536,-22.9606
55.4,-6.6761,-12.7855,-23.4937
55.5,-6.7063,-12.2418,-23.7704
55.6,-6.7719,-12.2338,-23.9619
55.7,-6.9756,-12.3657,-24.119
55.8,-6.3858,-12.8861,-23.847
55.9,-5.6823,-13.5686,-23.2976
56.0,-5.3398,-13.7515,-22.9245
56.1,-5.3316,-13.2141,-22.7675
56.2,-5.1376,-12.9855,-22.719
56.3,-4.9283,-12.4395,-22.9655
56.4,-4.8448,-11.2863,-23.6022
56.5,-5.5892,-10.1163,-24.7134
56.6,-6.2786,-9.5355,-25.6005
56.7,-6.9157,-9.272,-26.1088
56.8,-6.9489,-9.3188,-26.0346
56.9,-6.8045,-9.8756,-25.3059
57.0,-6.7719,-10.084,-24.5667
57.1,-6.5329,-10.3544,-23.3748
57.2,-6.5014,-10.9875,-22.0529
57.3,-6.489,-11.9185,-20.9334
57.4,-5.9453,-11.9153,-20.0742
57.5,-5.7041,-12.6147,-19.8873
57.6,-5.0448,-13.3179,-20.3329
57.7,-4.127,-12.871,-21.2366
57.8,-2.8241,-11.3461,-22.4499
57.9,-1.122,-9.3036,-23.6904
58.0,0.3223,-6.8001,-25.3608
58.1,1.7198,-4.7019,-26.6465
58.2,2.3136,-2.5779,-27.5932
58.3,2.7567,-1.2865,-27.8089
58.4,3.2655,-0.257,-27.2362
58.5,3.2199,-0.5447,-26.427
58.6,2.4844,-1.3147,-25.6296
58.7,1.8934,-1.8607,-24.4547
58.8,0.8585,-2.1256,-23.601
58.9,-0.0214,-2.2084,-23.0839
59.0,-0.9135,-2.8206,-22.8739
59.1,-1.3305,-3.5444,-23.0212
59.2,-1.5557,-4.7627,-23.2204
59.3,-1.4633,-6.0553,-23.3445
59.4,-1.1447,-7.4471,-23.4548
59.5,-0.9333,-8.8706,-23.4985
59.6,-0.6247,-10.5873,-23.1194
59.7,-0.3943,-12.038,-22.6588
59.8,-0.3215,-13.0094,-22.1808
59.9,-0.4856,-13.2882,-21.749
60.0,-0.9659,-12.6613,-21.4274
60.1,0.5135,-14.9586,-21.2584
60.2,-1.2873,-13.8377,-20.4348
60.3,-2.2287,-13.276,-20.5083
60.4,-2.5086,-13.1312,-21.2359
60.5,-2.3247,-13.2611,-22.3745
60.6,-1.8748,-13.5234,-23.6813
60.7,-1.5541,-13.579,-24.6059
60.8,-1.1972,-13.8201,-25.5105
60.9,-1.2522,-13.0165,-25.9264
61.0,-1.6092,-12.7946,-25.6658
61.1,-2.0587,-12.1915,-24.954
61.2,-2.2913,-11.896,-23.7374
61.3,-2.3767,-11.7675,-22.0561
61.4,-2.5783,-11.7654,-20.3084
61.5,-2.7061,-12.3879,-18.5422
61.6,-2.6099,-12.9198,-17.1845
61.7,-2.7147,-13.2663,-16.6153
61.8,-2.5554,-13.129,-17.1517
61.9,-2.2507,-12.8531,-18.1905
62.0,-2.1521,-12.5301,-19.8526
62.1,-2.07,-12.3857,-21.7259
62.2,-1.9325,-12.5456,-23.4649
62.3,-1.5241,-12.9262,-24.6833
62.4,-1.5842,-13.3752,-25.7076
62.5,-1.5463,-13.9937,-26.0551
62.6,-1.8121,-14.1232,-26.04
62.7,-2.3371,-14.3575,-25.7125
62.8,-2.9193,-14.216,-25.0495
62.9,-3.1648,-14.1019,-24.3257
63.0,-3.499,-13.9369,-23.6987
63.1,-3.7865,-14.0398,-23.0984
63.2,-3.9164,-14.0842,-22.5035
63.3,-3.8352,-14.4586,-22.0196
63.4,-3.6778,-14.147,-21.7183
63.5,-3.6097,-13.8505,-21.3642
63.6,-3.5096,-13.7379,-20.945
63.7,-3.4871,-13.4787,-20.4206
63.8,-3.642,-13.2125,-19.9148
63.9,-3.7679,-12.4865,-19.4557
64.0,-3.7845,-12.0054,-19.2282
64.1,-4.1052,-11.4015,-19.3855
64.2,-4.1793,-11.0295,-19.5217
64.3,-4.2912,-10.6627,-19.9329
64.4,-4.1728,-10.1216,-20.2022
64.5,-4.0436,-10.2305,-20.5582
64.6,-3.947,-10.9946,-20.8553
64.7,-3.9713,-11.5964,-20.922
64.8,-4.0994,-12.3501,-20.7607
64.9,-4.1091,-12.9761,-20.6643
65.0,-4.1647,-13.3751,-21.2493
65.1,-4.3832,-13.6323,-21.9879
65.2,-4.4221,-13.6433,-22.49
65.3,-4.6009,-13.5622,-23.1652
65.4,-4.5958,-13.1146,-23.5131
65.5,-4.1657,-13.0356,-23.225
65.6,-4.4143,-12.7192,-23.0875
65.7,-5.9327,-12.0761,-22.9842
65.8,-8.3562,-11.2882,-23.0363
65.9,-11.3374,-10.4102,-23.5271
66.0,-14.6579,-9.5084,-24.4448
66.1,-17.7353,-8.9193,-25.2482
66.2,-20.4419,-8.4952,-26.0046
66.3,-22.3335,-8.3196,-26.7012
66.4,-23.0958,-7.9996,-27.0176
66.5,-22.7023,-8.1948,-26.8775
66.6,-22.1624,-8.1134,-27.0714
66.7,-22.2076,-8.0321,-27.2653
66.8,-22.2528,-7.9508,-27.4592
66.9,-22.298,-7.8694,-27.6531
67.0,-22.3432,-7.7881,-27.847
67.1,-22.3884,-7.7068,-28.0409
67.2,-22.4336,-7.6255,-28.2348
67.3,-22.4788,-7.5441,-28.4287
67.4,-22.524,-7.4628,-28.6226
67.5,-22.5691,-7.3815,-28.8164
67.6,-22.6143,-7.3001,-29.0103
67.7,-22.6595,-7.2188,-29.2042
67.8,-22.7047,-7.1375,-29.3981
67.9,-22.7499,-7.0562,-29.592
68.0,-22.7951,-6.9748,-29.7859
68.1,-22.8403,-6.8935,-29.9798
68.2,-22.8855,-6.8122,-30.1737
68.3,-22.9307,-6.7308,-30.3676
68.4,-23.0213,-6.5568,-30.7466
68.5,-23.1006,-6.4059,-31.0793
68.6,-23.1243,-6.3684,-31.1858
68.7,-23.0609,-6.5085,-30.9374
68.8,-22.8912,-6.865,-30.257
68.9,-22.5756,-7.5454,-28.9629
69.0,-22.1387,-8.4317,-27.2521
69.1,-21.6616,-9.3767,-25.3831
69.2,-21.2218,-10.2371,-23.6158
69.3,-20.8939,-10.8743,-22.2114
69.4,-20.749,-11.1536,-21.4331
69.5,-20.7403,-11.1791,-21.0771
69.6,-20.8505,-10.992,-21.0753
69.7,-21.0466,-10.6638,-21.3095
69.8,-21.2797,-10.2956,-21.6115
69.9,-21.4851,-10.0188,-21.7634
70.0,-21.6671,-9.7553,-21.8917
70.1,-21.8491,-9.4918,-22.0199
70.2,-22.031,-9.2283,-22.1482
70.3,-22.213,-8.9648,-22.2765
70.4,-22.395,-8.7013,-22.4048
70.5,-22.577,-8.4378,-22.533
70.6,-22.759,-8.1743,-22.6613
70.7,-22.941,-7.9108,-22.7896
70.8,-23.1229,-7.6473,-22.9179
70.9,-23.3049,-7.3838,-23.0461
71.0,-23.4869,-7.1203,-23.1744
71.1,-23.7319,-6.7893,-23.2925
71.2,-23.9611,-6.4752,-23.4131
71.3,-24.1133,-6.2435,-23.5462
71.4,-24.1448,-6.1413,-23.6989
71.5,-24.0294,-6.1966,-23.8754
71.6,-23.7582,-6.4188,-24.0771
71.7,-23.34,-6.7985,-24.3027
71.8,-22.8012,-7.3076,-24.5479
71.9,-22.1853,-7.8992,-24.8056
72.0,-21.509,-8.6723,-24.9495
72.1,-21.1563,-9.0393,-25.2038
72.2,-20.5514,-9.3864,-25.5047
72.3,-19.7899,-9.8406,-25.9121
72.4,-18.8635,-10.3936,-26.5802
72.5,-18.1681,-10.7424,-27.5053
72.6,-17.4504,-11.137,-28.6129
72.7,-16.9461,-11.3856,-29.771
72.8,-16.6199,-11.1893,-31.0117
72.9,-15.9185,-11.895,-32.0449
73.0,-15.1625,-12.5682,-32.6326
73.1,-14.2755,-12.5451,-32.8307
73.2,-13.0873,-12.6406,-32.508
73.3,-11.7495,-12.2106,-31.9179
73.4,-10.2372,-11.314,-30.8416
73.5,-8.9767,-10.3581,-29.7098
73.6,-7.5336,-9.8881,-28.7509
73.7,-6.4489,-9.7642,-27.8947
73.8,-5.8074,-9.6918,-27.3658
73.9,-4.652,-10.2107,-26.7326
74.0,-4.1436,-10.299,-26.5525
74.1,-3.9154,-10.0583,-26.9336
74.2,-3.9513,-10.1502,-27.6122
74.3,-4.1236,-9.6036,-28.4397
74.4,-3.8361,-9.1675,-28.4941
74.5,-3.5596,-9.2429,-28.2758
74.6,-2.8569,-9.9006,-27.4895
74.7,-2.4962,-11.093,-26.1605
74.8,-2.3436,-12.0654,-24.3791
74.9,-1.9342,-12.6807,-21.9425
75.0,-1.9109,-13.3577,-19.7876
75.1,-1.8412,-14.0815,-18.3124
75.2,-1.7717,-14.8465,-17.2987
75.3,-2.0654,-15.4208,-16.9576
75.4,-1.5846,-15.4253,-16.6298
75.5,-1.411,-14.8913,-17.0835
75.6,-0.8068,-14.424,-18.1507
75.7,-1.191,-13.9368,-20.057
75.8,-1.4691,-13.6756,-21.9434
75.9,-1.5986,-13.7237,-23.0607
76.0,-1.5217,-13.8866,-23.5521
76.1,-1.2879,-14.373,-23.3717
76.2,-1.3045,-14.7463,-22.3973
76.3,-1.4864,-15.4397,-20.9964
76.4,-1.1322,-15.3675,-19.1979
76.5,-1.064,-15.1903,-18.0659
76.6,-0.88,-15.1109,-17.5967
76.7,-1.3983,-15.0246,-17.976
76.8,-1.5918,-14.8593,-18.7155
76.9,-1.6854,-14.7734,-19.6174
77.0,-1.8613,-14.4613,-20.7412
77.1,-1.8195,-14.2289,-21.5934
77.2,-1.7436,-14.1414,-22.244
77.3,-1.9112,-14.1007,-22.7987
77.4,-1.904,-14.0933,-22.7755
77.5,-1.9898,-14.1781,-22.4711
77.6,-2.3301,-14.4493,-21.8824
77.7,-2.8304,-14.4358,-21.3842
77.8,-3.2912,-14.0621,-21.0036
77.9,-3.5165,-13.7892,-20.4301
78.0,-3.8793,-13.589,-19.8419
78.1,-3.7751,-13.5888,-19.1828
78.2,-3.8254,-13.9803,-18.999
78.3,-3.742,-13.9969,-18.8817
78.4,-3.4259,-14.3632,-18.56
78.5,-3.1638,-14.2839,-18.8506
78.6,-3.2153,-14.5768,-19.9591
78.7,-3.3675,-14.4725,-21.793
78.8,-3.5676,-14.5972,-23.701
78.9,-3.5818,-14.6906,-25.2196
79.0,-3.6566,-14.9381,-26.4338
79.1,-3.5748,-15.2858,-27.2137
79.2,-3.6792,-15.6256,-27.671
79.3,-3.4636,-15.6221,-27.3572
79.4,-3.2671,-15.611,-26.6393
79.5,-2.8446,-15.3201,-26.0714
79.6,-2.5011,-15.3407,-25.519
79.7,-2.2629,-15.2883,-24.9666
79.8,-2.151,-15.0908,-24.3984
79.9,-2.2143,-14.6774,-23.83
80.0,-2.5019,-13.9771,-23.2766
80.1,-3.0627,-12.9191,-22.7537
80.2,-0.5487,-9.3062,-27.1935
80.3,-0.6738,-12.0162,-25.3404
80.4,-0.7272,-13.7546,-24.4655
80.5,-0.7224,-14.7089,-24.297
80.6,-0.6726,-15.0672,-24.5631
80.7,-0.5914,-15.017,-24.9918
80.8,-0.3793,-14.5771,-25.3052
80.9,-0.4283,-14.5569,-24.6486
81.0,-0.2649,-14.6031,-23.5742
81.1,-0.1586,-14.704,-22.3669
81.2,-0.0693,-15.169,-21.0503
81.3,0.1451,-15.0013,-19.6432
81.4,0.2079,-14.1006,-19.0065
81.5,0.458,-13.7095,-18.4631
81.6,0.3464,-13.449,-18.0939
81.7,-0.0159,-13.448,-17.7885
81.8,-0.144,-13.2865,-17.4978
81.9,-0.7604,-13.2595,-17.8507
82.0,-1.3075,-13.282,-17.8417
82.1,-1.6666,-13.2136,-17.6645
82.2,-2.0745,-12.9872,-17.6135
82.3,-2.5818,-12.7234,-17.4252
82.4,-3.2112,-11.3425,-18.0349
82.5,-3.2944,-11.1726,-17.9833
82.6,-3.5915,-11.2742,-17.4518
82.7,-3.7455,-11.8158,-16.9156
82.8,-3.7134,-12.5493,-16.2012
82.9,-4.3206,-13.6874,-16.1412
83.0,-5.3344,-14.0418,-16.2109
83.1,-7.3189,-13.4081,-16.6087
83.2,-10.3044,-12.018,-17.3319
83.3,-13.8579,-10.4333,-18.2331
83.4,-17.3629,-8.301,-19.5456
83.5,-20.1935,-7.1907,-20.3045
83.6,-22.4486,-6.3377,-20.6165
83.7,-23.5896,-5.9967,-20.7293
83.8,-23.726,-6.1501,-20.4414
83.9,-23.2786,-6.8042,-20.2546
84.0,-22.7213,-6.9731,-20.1839
84.1,-22.6038,-7.142,-20.1132
84.2,-22.4863,-7.3109,-20.0425
84.3,-22.3688,-7.4798,-19.9718
84.4,-22.2513,-7.6487,-19.9011
84.5,-22.1338,-7.8177,-19.8305
84.6,-22.0163,-7.9866,-19.7598
84.7,-21.8988,-8.1555,-19.6891
84.8,-21.7813,-8.3244,-19.6184
84.9,-21.6638,-8.4933,-19.5477
85.0,-21.5463,-8.6622,-19.477
85.1,-21.4288,-8.8311,-19.4063
85.2,-21.3113,-9.0001,-19.3357
85.3,-21.1938,-9.169,-19.265
85.4,-21.0763,-9.3379,-19.1943
85.5,-20.9587,-9.5068,-19.1236
85.6,-20.8412,-9.6757,-19.0529
85.7,-20.7237,-9.8446,-18.9822
85.8,-20.6062,-10.0136,-18.9116
85.9,-20.4887,-10.1825,-18.8409
86.0,-20.3712,-10.3514,-18.7702
86.1,-20.2537,-10.5203,-18.6995
86.2,-20.1362,-10.6892,-18.6288
86.3,-20.0187,-10.8581,-18.5581
86.4,-19.9012,-11.027,-18.4874
86.5,-19.7837,-11.196,-18.4168
86.6,-19.6662,-11.3649,-18.3461
86.7,-19.5487,-11.5338,-18.2754
86.8,-19.4312,-11.7027,-18.2047
86.9,-19.3137,-11.8716,-18.134
87.0,-19.1962,-12.0405,-18.0633
87.1,-19.1276,-12.3121,-17.9927
87.2,-19.1029,-12.5218,-18.0055
87.3,-18.7899,-12.6387,-17.7201
87.4,-18.7821,-12.4318,-17.6923
87.5,-18.3354,-12.3985,-17.5689
87.6,-17.6869,-11.9942,-17.3554
87.7,-17.0236,-11.3415,-17.458
87.8,-16.2658,-10.6089,-17.8507
87.9,-15.8038,-9.9472,-18.8488
88.0,-14.8677,-9.5769,-19.7068
88.1,-14.0277,-9.4843,-20.5964
88.2,-13.1765,-9.919,-21.4709
88.3,-12.7171,-10.3866,-21.8574
88.4,-12.7045,-11.1571,-21.847
88.5,-13.6885,-11.174,-21.6614
88.6,-15.1239,-10.7309,-21.0161
88.7,-17.0095,-9.9849,-20.4174
88.8,-18.0836,-10.1454,-19.4505
88.9,-19.4302,-10.3234,-18.8947
89.0,-19.9278,-10.064,-18.0861
89.1,-20.3378,-9.7639,-17.8757
89.2,-20.3832,-9.2397,-17.9842
89.3,-20.205,-8.9202,-18.2905
89.4,-19.7257,-9.0513,-18.4329
89.5,-19.9972,-8.6386,-19.2421
89.6,-19.6289,-8.1584,-20.3004
89.7,-19.5036,-7.303,-20.9624
89.8,-19.0272,-6.9665,-21.0382
89.9,-19.4354,-5.9297,-21.1766
90.0,-20.0973,-4.2741,-21.2142
90.1,-21.1501,-2.5907,-21.4781
90.2,-22.2834,-0.722,-21.7451
90.3,-23.1613,0.1855,-22.1493
90.4,-23.8347,0.3874,-22.5705
90.5,-24.172,0.0856,-23.4244
90.6,-24.4883,0.6812,-24.9737
90.7,-24.6511,0.5812,-25.9342
90.8,-24.8018,-0.3462,-26.7492
90.9,-24.7351,-0.7934,-27.0811
91.0,-24.3944,-1.4682,-27.1196
91.1,-24.4727,-2.498,-27.1585
91.2,-24.6107,-3.0188,-26.5193
91.3,-24.3689,-3.5198,-25.7365
91.4,-23.55,-4.6637,-25.2167
91.5,-22.3672,-4.7478,-25.2
91.6,-20.9667,-4.3673,-25.9708
91.7,-19.243,-5.3237,-27.0573
91.8,-17.5566,-6.4874,-28.2695
91.9,-15.5711,-7.1964,-29.1614
92.0,-13.3055,-7.9869,-30.1879
92.1,-11.9063,-8.8051,-31.3999
92.2,-10.5609,-8.8546,-31.717
92.3,-9.066,-8.6651,-31.9523
92.4,-7.4445,-8.5896,-32.2809
92.5,-6.0183,-7.2645,-32.6992
92.6,-4.7384,-5.6611,-33.3533
92.7,-3.7893,-4.6142,-34.045
92.8,-2.7173,-3.4158,-34.2212
92.9,-2.2152,-2.1176,-34.1471
93.0,-1.747,-0.6836,-33.7921
93.1,-1.9662,0.354,-33.2245
93.2,-2.3444,0.9048,-31.9726
93.3,-3.0192,0.9029,-30.4016
93.4,-3.8014,0.0457,-28.8576
93.5,-4.3806,-1.551,-26.9433
93.6,-4.6889,-3.1508,-25.3258
93.7,-4.8246,-5.1966,-23.8364
93.8,-4.4969,-7.0335,-22.1149
93.9,-4.7948,-8.532,-20.8215
94.0,-5.1654,-10.0659,-19.69
94.1,-5.4174,-10.9371,-18.7747
94.2,-5.6351,-11.564,-18.2558
94.3,-5.9946,-11.97,-18.2275
94.4,-6.4775,-12.4894,-18.7122
94.5,-6.8387,-12.6181,-19.2743
94.6,-6.8835,-12.1226,-20.1965
94.7,-6.8865,-11.7187,-20.9158
94.8,-6.4717,-11.4372,-21.1215
94.9,-6.523,-11.2106,-21.3702
95.0,-6.5503,-10.8622,-21.5041
95.1,-6.0289,-9.9212,-21.53
95.2,-5.2232,-9.1357,-21.9014
95.3,-4.6603,-8.2429,-22.413
95.4,-4.3619,-7.6257,-22.8277
95.5,-3.9628,-6.7148,-22.9949
95.6,-3.4377,-5.7546,-22.7213
95.7,-3.7262,-5.2291,-22.4401
95.8,-3.9409,-5.0451,-22.0582
95.9,-4.1407,-5.4666,-21.7252
96.0,-3.903,-5.3342,-21.2918
96.1,-3.2364,-5.4352,-21.1072
96.2,-2.9031,-5.44,-21.226
96.3,-2.4022,-4.5423,-21.682
96.4,-1.7487,-3.1519,-22.1627
96.5,-0.9409,-1.3778,-22.5093
96.6,-0.4048,0.3705,-22.8243
96.7,-0.1495,2.0821,-23.8268
96.8,0.6287,2.9647,-24.8167
96.9,1.3748,3.2853,-25.7751
97.0,1.9862,2.951,-26.607
97.1,2.3602,1.8688,-27.2175
97.2,2.3941,-0.0541,-27.5117
